operation,n,milliseconds,checksum
vector_push,1000000,8,499999500000
vector_get,1000000,0,499999500000
hashmap_insert,100000,14,4999950000
hashmap_lookup,100000,2,4999950000
sort_reverse,100000,9,5000050000
sort_random,100000,10,98471909480502
sort_reverse,1000000,107,500000500000
sort_random,1000000,122,1061824934406618
vector_push,1000000,7,499999500000
vector_get,1000000,1,499999500000
hashmap_insert,100000,13,4999950000
hashmap_lookup,100000,1,4999950000
sort_reverse,100000,9,5000050000
sort_random,100000,10,98471909480502
sort_reverse,1000000,109,500000500000
sort_random,1000000,123,1061824934406618
vector_push,1000000,6,499999500000
vector_get,1000000,1,499999500000
hashmap_insert,100000,13,4999950000
hashmap_lookup,100000,2,4999950000
sort_reverse,100000,10,5000050000
sort_random,100000,9,98471909480502
sort_reverse,1000000,108,500000500000
sort_random,1000000,122,1061824934406618
vector_push,1000000,7,499999500000
vector_get,1000000,1,499999500000
hashmap_insert,100000,13,4999950000
hashmap_lookup,100000,1,4999950000
sort_reverse,100000,9,5000050000
sort_random,100000,10,98471909480502
sort_reverse,1000000,109,500000500000
sort_random,1000000,123,1061824934406618
vector_push,1000000,7,499999500000
vector_get,1000000,1,499999500000
hashmap_insert,100000,12,4999950000
hashmap_lookup,100000,2,4999950000
sort_reverse,100000,9,5000050000
sort_random,100000,10,98471909480502
sort_reverse,1000000,110,500000500000
sort_random,1000000,140,1061824934406618
