num,name,prependage,appendage,specific,bits 31..0 (from Aiwnios Src/AArch64_ops.csv, e155e87)
3,BAD,,,,0,0,0,0,0,0,0,0,0,0,0,0,0,0,0,0,0,0,0,0,0,0,0,0,0,0,0,0,0,0,0,0
6,CBZ,,w,W,0,0,1,1,0,1,0,0,imm19,,,,,,,,,,,,,,,,,,,Rt,,,,
7,CBNZ,,w,W,0,0,1,1,0,1,0,1,imm19,,,,,,,,,,,,,,,,,,,Rt,,,,
8,CBZ,,x,X,1,0,1,1,0,1,0,0,imm19,,,,,,,,,,,,,,,,,,,Rt,,,,
9,CBNZ,,x,X,1,0,1,1,0,1,0,1,imm19,,,,,,,,,,,,,,,,,,,Rt,,,,
11,TBZ,,,,b5,0,1,1,0,1,1,0,b40,,,,,imm14,,,,,,,,,,,,,,Rt,,,,
12,TBNZ,,,,b5,0,1,1,0,1,1,1,b40,,,,,imm14,,,,,,,,,,,,,,Rt,,,,
14,B_cond,,,,0,1,0,1,0,1,0,0,imm19,,,,,,,,,,,,,,,,,,,0,cond,,,
16,SVC,,,,1,1,0,1,0,1,0,0,0,0,0,imm16,,,,,,,,,,,,,,,,0,0,0,0,1
17,HVC,,,,1,1,0,1,0,1,0,0,0,0,0,imm16,,,,,,,,,,,,,,,,0,0,0,1,0
18,SMC,,,,1,1,0,1,0,1,0,0,0,0,0,imm16,,,,,,,,,,,,,,,,0,0,0,1,1
19,BRK,,arm64,,1,1,0,1,0,1,0,0,0,0,1,imm16,,,,,,,,,,,,,,,,0,0,0,0,0
20,HLT,,,,1,1,0,1,0,1,0,0,0,1,0,imm16,,,,,,,,,,,,,,,,0,0,0,0,0
21,DCPS1,,,,1,1,0,1,0,1,0,0,1,0,1,imm16,,,,,,,,,,,,,,,,0,0,0,0,1
22,DCPS2,,,,1,1,0,1,0,1,0,0,1,0,1,imm16,,,,,,,,,,,,,,,,0,0,0,1,0
23,DCPS3,,,,1,1,0,1,0,1,0,0,1,0,1,imm16,,,,,,,,,,,,,,,,0,0,0,1,1
25,MSR,,imm,,1,1,0,1,0,1,0,1,0,0,0,0,0,op1,,,0,1,0,0,CR_m,,,,op2,,,1,1,1,1,1
26,HINT,,,,1,1,0,1,0,1,0,1,0,0,0,0,0,0,1,1,0,0,1,0,CR_m,,,,op2,,,1,1,1,1,1
27,CLREX,,,,1,1,0,1,0,1,0,1,0,0,0,0,0,0,1,1,0,0,1,1,CR_m,,,,0,1,0,1,1,1,1,1
28,DSB,,,,1,1,0,1,0,1,0,1,0,0,0,0,0,0,1,1,0,0,1,1,CR_m,,,,1,0,0,1,1,1,1,1
29,DMB,,,,1,1,0,1,0,1,0,1,0,0,0,0,0,0,1,1,0,0,1,1,CR_m,,,,1,0,1,1,1,1,1,1
30,ISB,,,,1,1,0,1,0,1,0,1,0,0,0,0,0,0,1,1,0,0,1,1,CR_m,,,,1,1,0,1,1,1,1,1
31,SYS,,,,1,1,0,1,0,1,0,1,0,0,0,0,1,op1,,,CR_n,,,,CR_m,,,,op2,,,Rt,,,,
32,MSR,,,,1,1,0,1,0,1,0,1,0,0,0,1,-,op1,,,CR_n,,,,CR_m,,,,op2,,,Rt,,,,
33,SYSL,,,,1,1,0,1,0,1,0,1,0,0,1,0,1,op1,,,CR_n,,,,CR_m,,,,op2,,,Rt,,,,
34,MRS,,,,1,1,0,1,0,1,0,1,0,0,1,1,-,op1,,,CR_n,,,,CR_m,,,,op2,,,Rt,,,,
36,BR,,,,1,1,0,1,0,1,1,0,0,0,0,1,1,1,1,1,0,0,0,0,0,0,Rn,,,,,0,0,0,0,0
37,BLR,,,,1,1,0,1,0,1,1,0,0,0,1,1,1,1,1,1,0,0,0,0,0,0,Rn,,,,,0,0,0,0,0
38,RET,,,,1,1,0,1,0,1,1,0,0,1,0,1,1,1,1,1,0,0,0,0,0,0,Rn,,,,,0,0,0,0,0
39,ERET,,,,1,1,0,1,0,1,1,0,1,0,0,1,1,1,1,1,0,0,0,0,0,0,1,1,1,1,1,0,0,0,0,0
40,DRPS,,,,1,1,0,1,0,1,1,0,1,0,1,1,1,1,1,1,0,0,0,0,0,0,1,1,1,1,1,0,0,0,0,0
42,B,,,,0,0,0,1,0,1,imm26,,,,,,,,,,,,,,,,,,,,,,,,,
43,BL,,,,1,0,0,1,0,1,imm26,,,,,,,,,,,,,,,,,,,,,,,,,
46,STXRB,,,,0,0,0,0,1,0,0,0,0,0,0,Rs,,,,,0,Rt2,,,,,Rn,,,,,Rt,,,,
47,STLXRB,,,,0,0,0,0,1,0,0,0,0,0,0,Rs,,,,,1,Rt2,,,,,Rn,,,,,Rt,,,,
48,LDXRB,,,,0,0,0,0,1,0,0,0,0,1,0,Rs,,,,,0,Rt2,,,,,Rn,,,,,Rt,,,,
49,LDAXRB,,,,0,0,0,0,1,0,0,0,0,1,0,Rs,,,,,1,Rt2,,,,,Rn,,,,,Rt,,,,
50,STLRB,,,,0,0,0,0,1,0,0,0,1,0,0,Rs,,,,,1,Rt2,,,,,Rn,,,,,Rt,,,,
51,LDARB,,,,0,0,0,0,1,0,0,0,1,1,0,Rs,,,,,1,Rt2,,,,,Rn,,,,,Rt,,,,
52,STXRH,,,,0,1,0,0,1,0,0,0,0,0,0,Rs,,,,,0,Rt2,,,,,Rn,,,,,Rt,,,,
53,STLXRH,,,,0,1,0,0,1,0,0,0,0,0,0,Rs,,,,,1,Rt2,,,,,Rn,,,,,Rt,,,,
54,LDXRH,,,,0,1,0,0,1,0,0,0,0,1,0,Rs,,,,,0,Rt2,,,,,Rn,,,,,Rt,,,,
55,LDAXRH,,,,0,1,0,0,1,0,0,0,0,1,0,Rs,,,,,1,Rt2,,,,,Rn,,,,,Rt,,,,
56,STLRH,,,,0,1,0,0,1,0,0,0,1,0,0,Rs,,,,,1,Rt2,,,,,Rn,,,,,Rt,,,,
57,LDARH,,,,0,1,0,0,1,0,0,0,1,1,0,Rs,,,,,1,Rt2,,,,,Rn,,,,,Rt,,,,
58,STXR,,w,W,1,0,0,0,1,0,0,0,0,0,0,Rs,,,,,0,Rt2,,,,,Rn,,,,,Rt,,,,
59,STLXR,,w,W,1,0,0,0,1,0,0,0,0,0,0,Rs,,,,,1,Rt2,,,,,Rn,,,,,Rt,,,,
60,STXP,,w,W,1,0,0,0,1,0,0,0,0,0,1,Rs,,,,,0,Rt2,,,,,Rn,,,,,Rt,,,,
61,STLXP,,w,W,1,0,0,0,1,0,0,0,0,0,1,Rs,,,,,1,Rt2,,,,,Rn,,,,,Rt,,,,
62,LDXR,,w,W,1,0,0,0,1,0,0,0,0,1,0,Rs,,,,,0,Rt2,,,,,Rn,,,,,Rt,,,,
63,LDAXR,,w,W,1,0,0,0,1,0,0,0,0,1,0,Rs,,,,,1,Rt2,,,,,Rn,,,,,Rt,,,,
64,LDXP,,w,W,1,0,0,0,1,0,0,0,0,1,1,Rs,,,,,0,Rt2,,,,,Rn,,,,,Rt,,,,
65,LDAXP,,w,W,1,0,0,0,1,0,0,0,0,1,1,Rs,,,,,1,Rt2,,,,,Rn,,,,,Rt,,,,
66,STLR,,w,W,1,0,0,0,1,0,0,0,1,0,0,Rs,,,,,1,Rt2,,,,,Rn,,,,,Rt,,,,
67,LDAR,,w,W,1,0,0,0,1,0,0,0,1,1,0,Rs,,,,,1,Rt2,,,,,Rn,,,,,Rt,,,,
68,STXR,,x,X,1,1,0,0,1,0,0,0,0,0,0,Rs,,,,,0,Rt2,,,,,Rn,,,,,Rt,,,,
69,STLXR,,x,X,1,1,0,0,1,0,0,0,0,0,0,Rs,,,,,1,Rt2,,,,,Rn,,,,,Rt,,,,
70,STXP,,x,X,1,1,0,0,1,0,0,0,0,0,1,Rs,,,,,0,Rt2,,,,,Rn,,,,,Rt,,,,
71,STLXP,,x,X,1,1,0,0,1,0,0,0,0,0,1,Rs,,,,,1,Rt2,,,,,Rn,,,,,Rt,,,,
72,LDXR,,x,X,1,1,0,0,1,0,0,0,0,1,0,Rs,,,,,0,Rt2,,,,,Rn,,,,,Rt,,,,
73,LDAXR,,x,X,1,1,0,0,1,0,0,0,0,1,0,Rs,,,,,1,Rt2,,,,,Rn,,,,,Rt,,,,
74,LDXP,,x,X,1,1,0,0,1,0,0,0,0,1,1,Rs,,,,,0,Rt2,,,,,Rn,,,,,Rt,,,,
75,LDAXP,,x,X,1,1,0,0,1,0,0,0,0,1,1,Rs,,,,,1,Rt2,,,,,Rn,,,,,Rt,,,,
76,STLR,,x,X,1,1,0,0,1,0,0,0,1,0,0,Rs,,,,,1,Rt2,,,,,Rn,,,,,Rt,,,,
77,LDAR,,x,X,1,1,0,0,1,0,0,0,1,1,0,Rs,,,,,1,Rt2,,,,,Rn,,,,,Rt,,,,
79,LDR,,w,W,0,0,0,1,1,0,0,0,imm19,,,,,,,,,,,,,,,,,,,Rt,,,,
80,LDR,v,s,S,0,0,0,1,1,1,0,0,imm19,,,,,,,,,,,,,,,,,,,Rt,,,,
81,LDR,,x,X,0,1,0,1,1,0,0,0,imm19,,,,,,,,,,,,,,,,,,,Rt,,,,
82,LDR,v,d,D,0,1,0,1,1,1,0,0,imm19,,,,,,,,,,,,,,,,,,,Rt,,,,
83,LDRSW,,,,1,0,0,1,1,0,0,0,imm19,,,,,,,,,,,,,,,,,,,Rt,,,,
84,LDR,v,q,Q,1,0,0,1,1,1,0,0,imm19,,,,,,,,,,,,,,,,,,,Rt,,,,
85,PRFM,,,,1,1,0,1,1,0,0,0,imm19,,,,,,,,,,,,,,,,,,,Rt,,,,
87,STNP,,w,W,0,0,1,0,1,0,0,0,0,0,imm7,,,,,,,Rt2,,,,,Rn,,,,,Rt,,,,
88,LDNP,,w,W,0,0,1,0,1,0,0,0,0,1,imm7,,,,,,,Rt2,,,,,Rn,,,,,Rt,,,,
89,STNP,v,s,S,0,0,1,0,1,1,0,0,0,0,imm7,,,,,,,Rt2,,,,,Rn,,,,,Rt,,,,
90,LDNP,v,s,S,0,0,1,0,1,1,0,0,0,1,imm7,,,,,,,Rt2,,,,,Rn,,,,,Rt,,,,
91,STNP,v,d,D,0,1,1,0,1,1,0,0,0,0,imm7,,,,,,,Rt2,,,,,Rn,,,,,Rt,,,,
92,LDNP,v,d,D,0,1,1,0,1,1,0,0,0,1,imm7,,,,,,,Rt2,,,,,Rn,,,,,Rt,,,,
93,STNP,,x,X,1,0,1,0,1,0,0,0,0,0,imm7,,,,,,,Rt2,,,,,Rn,,,,,Rt,,,,
94,LDNP,,x,X,1,0,1,0,1,0,0,0,0,1,imm7,,,,,,,Rt2,,,,,Rn,,,,,Rt,,,,
95,STNP,v,q,Q,1,0,1,0,1,1,0,0,0,0,imm7,,,,,,,Rt2,,,,,Rn,,,,,Rt,,,,
96,LDNP,v,q,Q,1,0,1,0,1,1,0,0,0,1,imm7,,,,,,,Rt2,,,,,Rn,,,,,Rt,,,,
98,STP,,postw,W,0,0,1,0,1,0,0,0,1,0,imm7,,,,,,,Rt2,,,,,Rn,,,,,Rt,,,,
99,LDP,,postw,W,0,0,1,0,1,0,0,0,1,1,imm7,,,,,,,Rt2,,,,,Rn,,,,,Rt,,,,
100,STP,v,posts,S,0,0,1,0,1,1,0,0,1,0,imm7,,,,,,,Rt2,,,,,Rn,,,,,Rt,,,,
101,LDP,v,posts,S,0,0,1,0,1,1,0,0,1,1,imm7,,,,,,,Rt2,,,,,Rn,,,,,Rt,,,,
102,LDPSW,,post,,0,1,1,0,1,0,0,0,1,1,imm7,,,,,,,Rt2,,,,,Rn,,,,,Rt,,,,
103,STP,v,postd,D,0,1,1,0,1,1,0,0,1,0,imm7,,,,,,,Rt2,,,,,Rn,,,,,Rt,,,,
104,LDP,v,postd,D,0,1,1,0,1,1,0,0,1,1,imm7,,,,,,,Rt2,,,,,Rn,,,,,Rt,,,,
105,STP,,postx,X,1,0,1,0,1,0,0,0,1,0,imm7,,,,,,,Rt2,,,,,Rn,,,,,Rt,,,,
106,LDP,,postx,X,1,0,1,0,1,0,0,0,1,1,imm7,,,,,,,Rt2,,,,,Rn,,,,,Rt,,,,
107,STP,v,postq,Q,1,0,1,0,1,1,0,0,1,0,imm7,,,,,,,Rt2,,,,,Rn,,,,,Rt,,,,
108,LDP,v,postq,Q,1,0,1,0,1,1,0,0,1,1,imm7,,,,,,,Rt2,,,,,Rn,,,,,Rt,,,,
110,STP,,offw,W,0,0,1,0,1,0,0,1,0,0,imm7,,,,,,,Rt2,,,,,Rn,,,,,Rt,,,,
111,LDP,,offw,W,0,0,1,0,1,0,0,1,0,1,imm7,,,,,,,Rt2,,,,,Rn,,,,,Rt,,,,
112,STP,v,offs,S,0,0,1,0,1,1,0,1,0,0,imm7,,,,,,,Rt2,,,,,Rn,,,,,Rt,,,,
113,LDP,v,offs,S,0,0,1,0,1,1,0,1,0,1,imm7,,,,,,,Rt2,,,,,Rn,,,,,Rt,,,,
114,LDPSW,,off,,0,1,1,0,1,0,0,1,0,1,imm7,,,,,,,Rt2,,,,,Rn,,,,,Rt,,,,
115,STP,v,offd,D,0,1,1,0,1,1,0,1,0,0,imm7,,,,,,,Rt2,,,,,Rn,,,,,Rt,,,,
116,LDP,v,offd,D,0,1,1,0,1,1,0,1,0,1,imm7,,,,,,,Rt2,,,,,Rn,,,,,Rt,,,,
117,STP,,offx,X,1,0,1,0,1,0,0,1,0,0,imm7,,,,,,,Rt2,,,,,Rn,,,,,Rt,,,,
118,LDP,,offx,X,1,0,1,0,1,0,0,1,0,1,imm7,,,,,,,Rt2,,,,,Rn,,,,,Rt,,,,
119,STP,v,offq,Q,1,0,1,0,1,1,0,1,0,0,imm7,,,,,,,Rt2,,,,,Rn,,,,,Rt,,,,
120,LDP,v,offq,Q,1,0,1,0,1,1,0,1,0,1,imm7,,,,,,,Rt2,,,,,Rn,,,,,Rt,,,,
122,STP,,prew,W,0,0,1,0,1,0,0,1,1,0,imm7,,,,,,,Rt2,,,,,Rn,,,,,Rt,,,,
123,LDP,,prew,W,0,0,1,0,1,0,0,1,1,1,imm7,,,,,,,Rt2,,,,,Rn,,,,,Rt,,,,
124,STP,v,pres,S,0,0,1,0,1,1,0,1,1,0,imm7,,,,,,,Rt2,,,,,Rn,,,,,Rt,,,,
125,LDP,v,pres,S,0,0,1,0,1,1,0,1,1,1,imm7,,,,,,,Rt2,,,,,Rn,,,,,Rt,,,,
126,LDPSW,,pre,,0,1,1,0,1,0,0,1,1,1,imm7,,,,,,,Rt2,,,,,Rn,,,,,Rt,,,,
127,STP,v,pred,D,0,1,1,0,1,1,0,1,1,0,imm7,,,,,,,Rt2,,,,,Rn,,,,,Rt,,,,
128,LDP,v,pred,D,0,1,1,0,1,1,0,1,1,1,imm7,,,,,,,Rt2,,,,,Rn,,,,,Rt,,,,
129,STP,,prex,X,1,0,1,0,1,0,0,1,1,0,imm7,,,,,,,Rt2,,,,,Rn,,,,,Rt,,,,
130,LDP,,prex,X,1,0,1,0,1,0,0,1,1,1,imm7,,,,,,,Rt2,,,,,Rn,,,,,Rt,,,,
131,STP,v,preq,Q,1,0,1,0,1,1,0,1,1,0,imm7,,,,,,,Rt2,,,,,Rn,,,,,Rt,,,,
132,LDP,v,preq,Q,1,0,1,0,1,1,0,1,1,1,imm7,,,,,,,Rt2,,,,,Rn,,,,,Rt,,,,
134,STURB,,,,0,0,1,1,1,0,0,0,0,0,0,imm9,,,,,,,,,0,0,Rn,,,,,Rt,,,,
135,LDURB,,,,0,0,1,1,1,0,0,0,0,1,0,imm9,,,,,,,,,0,0,Rn,,,,,Rt,,,,
136,LDURSB,,x,X,0,0,1,1,1,0,0,0,1,0,0,imm9,,,,,,,,,0,0,Rn,,,,,Rt,,,,
137,LDURSB,,w,W,0,0,1,1,1,0,0,0,1,1,0,imm9,,,,,,,,,0,0,Rn,,,,,Rt,,,,
138,STUR,v,b,B,0,0,1,1,1,1,0,0,0,0,0,imm9,,,,,,,,,0,0,Rn,,,,,Rt,,,,
139,LDUR,v,b,B,0,0,1,1,1,1,0,0,0,1,0,imm9,,,,,,,,,0,0,Rn,,,,,Rt,,,,
140,STUR,v,q,Q,0,0,1,1,1,1,0,0,1,0,0,imm9,,,,,,,,,0,0,Rn,,,,,Rt,,,,
141,LDUR,v,q,Q,0,0,1,1,1,1,0,0,1,1,0,imm9,,,,,,,,,0,0,Rn,,,,,Rt,,,,
142,STURH,,,,0,1,1,1,1,0,0,0,0,0,0,imm9,,,,,,,,,0,0,Rn,,,,,Rt,,,,
143,LDURH,,,,0,1,1,1,1,0,0,0,0,1,0,imm9,,,,,,,,,0,0,Rn,,,,,Rt,,,,
144,LDURSH,,x,X,0,1,1,1,1,0,0,0,1,0,0,imm9,,,,,,,,,0,0,Rn,,,,,Rt,,,,
145,LDURSH,,w,W,0,1,1,1,1,0,0,0,1,1,0,imm9,,,,,,,,,0,0,Rn,,,,,Rt,,,,
146,STUR,v,h,H,0,1,1,1,1,1,0,0,0,0,0,imm9,,,,,,,,,0,0,Rn,,,,,Rt,,,,
147,LDUR,v,h,H,0,1,1,1,1,1,0,0,0,1,0,imm9,,,,,,,,,0,0,Rn,,,,,Rt,,,,
148,STUR,,w,W,1,0,1,1,1,0,0,0,0,0,0,imm9,,,,,,,,,0,0,Rn,,,,,Rt,,,,
149,LDUR,,w,W,1,0,1,1,1,0,0,0,0,1,0,imm9,,,,,,,,,0,0,Rn,,,,,Rt,,,,
150,LDURSW,,,,1,0,1,1,1,0,0,0,1,0,0,imm9,,,,,,,,,0,0,Rn,,,,,Rt,,,,
151,STUR,v,s,S,1,0,1,1,1,1,0,0,0,0,0,imm9,,,,,,,,,0,0,Rn,,,,,Rt,,,,
152,LDUR,v,s,S,1,0,1,1,1,1,0,0,0,1,0,imm9,,,,,,,,,0,0,Rn,,,,,Rt,,,,
153,STUR,,x,X,1,1,1,1,1,0,0,0,0,0,0,imm9,,,,,,,,,0,0,Rn,,,,,Rt,,,,
154,LDUR,,x,X,1,1,1,1,1,0,0,0,0,1,0,imm9,,,,,,,,,0,0,Rn,,,,,Rt,,,,
155,PRFUM,,,,1,1,1,1,1,0,0,0,1,0,0,imm9,,,,,,,,,0,0,Rn,,,,,Rt,,,,
156,STUR,v,d,D,1,1,1,1,1,1,0,0,0,0,0,imm9,,,,,,,,,0,0,Rn,,,,,Rt,,,,
157,LDUR,v,d,D,1,1,1,1,1,1,0,0,0,1,0,imm9,,,,,,,,,0,0,Rn,,,,,Rt,,,,
159,STRB,,post,,0,0,1,1,1,0,0,0,0,0,0,imm9,,,,,,,,,0,1,Rn,,,,,Rt,,,,
160,LDRB,,post,,0,0,1,1,1,0,0,0,0,1,0,imm9,,,,,,,,,0,1,Rn,,,,,Rt,,,,
161,LDRSB,,postx,X,0,0,1,1,1,0,0,0,1,0,0,imm9,,,,,,,,,0,1,Rn,,,,,Rt,,,,
162,LDRSB,,postw,W,0,0,1,1,1,0,0,0,1,1,0,imm9,,,,,,,,,0,1,Rn,,,,,Rt,,,,
163,STR,v,postb,B,0,0,1,1,1,1,0,0,0,0,0,imm9,,,,,,,,,0,1,Rn,,,,,Rt,,,,
164,LDR,v,postb,B,0,0,1,1,1,1,0,0,0,1,0,imm9,,,,,,,,,0,1,Rn,,,,,Rt,,,,
165,STR,v,postq,Q,0,0,1,1,1,1,0,0,1,0,0,imm9,,,,,,,,,0,1,Rn,,,,,Rt,,,,
166,LDR,v,postq,Q,0,0,1,1,1,1,0,0,1,1,0,imm9,,,,,,,,,0,1,Rn,,,,,Rt,,,,
167,STRH,,post,,0,1,1,1,1,0,0,0,0,0,0,imm9,,,,,,,,,0,1,Rn,,,,,Rt,,,,
168,LDRH,,post,,0,1,1,1,1,0,0,0,0,1,0,imm9,,,,,,,,,0,1,Rn,,,,,Rt,,,,
169,LDRSH,,postx,X,0,1,1,1,1,0,0,0,1,0,0,imm9,,,,,,,,,0,1,Rn,,,,,Rt,,,,
170,LDRSH,,postw,W,0,1,1,1,1,0,0,0,1,1,0,imm9,,,,,,,,,0,1,Rn,,,,,Rt,,,,
171,STR,v,posth,H,0,1,1,1,1,1,0,0,0,0,0,imm9,,,,,,,,,0,1,Rn,,,,,Rt,,,,
172,LDR,v,posth,H,0,1,1,1,1,1,0,0,0,1,0,imm9,,,,,,,,,0,1,Rn,,,,,Rt,,,,
173,STR,,postw,W,1,0,1,1,1,0,0,0,0,0,0,imm9,,,,,,,,,0,1,Rn,,,,,Rt,,,,
174,LDR,,postw,W,1,0,1,1,1,0,0,0,0,1,0,imm9,,,,,,,,,0,1,Rn,,,,,Rt,,,,
175,LDRSW,,post,,1,0,1,1,1,0,0,0,1,0,0,imm9,,,,,,,,,0,1,Rn,,,,,Rt,,,,
176,STR,v,posts,S,1,0,1,1,1,1,0,0,0,0,0,imm9,,,,,,,,,0,1,Rn,,,,,Rt,,,,
177,LDR,v,posts,S,1,0,1,1,1,1,0,0,0,1,0,imm9,,,,,,,,,0,1,Rn,,,,,Rt,,,,
178,STR,,postx,X,1,1,1,1,1,0,0,0,0,0,0,imm9,,,,,,,,,0,1,Rn,,,,,Rt,,,,
179,LDR,,postx,X,1,1,1,1,1,0,0,0,0,1,0,imm9,,,,,,,,,0,1,Rn,,,,,Rt,,,,
180,STR,v,postd,D,1,1,1,1,1,1,0,0,0,0,0,imm9,,,,,,,,,0,1,Rn,,,,,Rt,,,,
181,LDR,v,postd,D,1,1,1,1,1,1,0,0,0,1,0,imm9,,,,,,,,,0,1,Rn,,,,,Rt,,,,
183,STTRB,,,,0,0,1,1,1,0,0,0,0,0,0,imm9,,,,,,,,,1,0,Rn,,,,,Rt,,,,
184,LDTRB,,,,0,0,1,1,1,0,0,0,0,1,0,imm9,,,,,,,,,1,0,Rn,,,,,Rt,,,,
185,LDTRSB,,x,X,0,0,1,1,1,0,0,0,1,0,0,imm9,,,,,,,,,1,0,Rn,,,,,Rt,,,,
186,LDTRSB,,w,W,0,0,1,1,1,0,0,0,1,1,0,imm9,,,,,,,,,1,0,Rn,,,,,Rt,,,,
187,STTRH,,,,0,1,1,1,1,0,0,0,0,0,0,imm9,,,,,,,,,1,0,Rn,,,,,Rt,,,,
188,LDTRH,,,,0,1,1,1,1,0,0,0,0,1,0,imm9,,,,,,,,,1,0,Rn,,,,,Rt,,,,
189,LDTRSH,,x,X,0,1,1,1,1,0,0,0,1,0,0,imm9,,,,,,,,,1,0,Rn,,,,,Rt,,,,
190,LDTRSH,,w,W,0,1,1,1,1,0,0,0,1,1,0,imm9,,,,,,,,,1,0,Rn,,,,,Rt,,,,
191,STTR,,w,W,1,0,1,1,1,0,0,0,0,0,0,imm9,,,,,,,,,1,0,Rn,,,,,Rt,,,,
192,LDTR,,w,W,1,0,1,1,1,0,0,0,0,1,0,imm9,,,,,,,,,1,0,Rn,,,,,Rt,,,,
193,LDTRSW,,,,1,0,1,1,1,0,0,0,1,0,0,imm9,,,,,,,,,1,0,Rn,,,,,Rt,,,,
194,STTR,,x,X,1,1,1,1,1,0,0,0,0,0,0,imm9,,,,,,,,,1,0,Rn,,,,,Rt,,,,
195,LDTR,,x,X,1,1,1,1,1,0,0,0,0,1,0,imm9,,,,,,,,,1,0,Rn,,,,,Rt,,,,
197,STRB,,pre,,0,0,1,1,1,0,0,0,0,0,0,imm9,,,,,,,,,1,1,Rn,,,,,Rt,,,,
198,LDRB,,pre,,0,0,1,1,1,0,0,0,0,1,0,imm9,,,,,,,,,1,1,Rn,,,,,Rt,,,,
199,LDRSB,,prex,X,0,0,1,1,1,0,0,0,1,0,0,imm9,,,,,,,,,1,1,Rn,,,,,Rt,,,,
200,LDRSB,,prew,W,0,0,1,1,1,0,0,0,1,1,0,imm9,,,,,,,,,1,1,Rn,,,,,Rt,,,,
201,STR,v,preb,B,0,0,1,1,1,1,0,0,0,0,0,imm9,,,,,,,,,1,1,Rn,,,,,Rt,,,,
202,LDR,v,preb,B,0,0,1,1,1,1,0,0,0,1,0,imm9,,,,,,,,,1,1,Rn,,,,,Rt,,,,
203,STR,v,preq,Q,0,0,1,1,1,1,0,0,1,0,0,imm9,,,,,,,,,1,1,Rn,,,,,Rt,,,,
204,LDR,v,preq,Q,0,0,1,1,1,1,0,0,1,1,0,imm9,,,,,,,,,1,1,Rn,,,,,Rt,,,,
205,STRH,,pre,,0,1,1,1,1,0,0,0,0,0,0,imm9,,,,,,,,,1,1,Rn,,,,,Rt,,,,
206,LDRH,,pre,,0,1,1,1,1,0,0,0,0,1,0,imm9,,,,,,,,,1,1,Rn,,,,,Rt,,,,
207,LDRSH,,prex,X,0,1,1,1,1,0,0,0,1,0,0,imm9,,,,,,,,,1,1,Rn,,,,,Rt,,,,
208,LDRSH,,prew,W,0,1,1,1,1,0,0,0,1,1,0,imm9,,,,,,,,,1,1,Rn,,,,,Rt,,,,
209,STR,v,preh,H,0,1,1,1,1,1,0,0,0,0,0,imm9,,,,,,,,,1,1,Rn,,,,,Rt,,,,
210,LDR,v,preh,H,0,1,1,1,1,1,0,0,0,1,0,imm9,,,,,,,,,1,1,Rn,,,,,Rt,,,,
211,STR,,prew,W,1,0,1,1,1,0,0,0,0,0,0,imm9,,,,,,,,,1,1,Rn,,,,,Rt,,,,
212,LDR,,prew,W,1,0,1,1,1,0,0,0,0,1,0,imm9,,,,,,,,,1,1,Rn,,,,,Rt,,,,
213,LDRSW,,pre,,1,0,1,1,1,0,0,0,1,0,0,imm9,,,,,,,,,1,1,Rn,,,,,Rt,,,,
214,STR,v,pres,S,1,0,1,1,1,1,0,0,0,0,0,imm9,,,,,,,,,1,1,Rn,,,,,Rt,,,,
215,LDR,v,pres,S,1,0,1,1,1,1,0,0,0,1,0,imm9,,,,,,,,,1,1,Rn,,,,,Rt,,,,
216,STR,,prex,X,1,1,1,1,1,0,0,0,0,0,0,imm9,,,,,,,,,1,1,Rn,,,,,Rt,,,,
217,LDR,,prex,X,1,1,1,1,1,0,0,0,0,1,0,imm9,,,,,,,,,1,1,Rn,,,,,Rt,,,,
218,STR,v,pred,D,1,1,1,1,1,1,0,0,0,0,0,imm9,,,,,,,,,1,1,Rn,,,,,Rt,,,,
219,LDR,v,pred,D,1,1,1,1,1,1,0,0,0,1,0,imm9,,,,,,,,,1,1,Rn,,,,,Rt,,,,
221,STRB,,off,,0,0,1,1,1,0,0,0,0,0,1,Rm,,,,,-,-,-,S,1,0,Rn,,,,,Rt,,,,
222,LDRB,,off,,0,0,1,1,1,0,0,0,0,1,1,Rm,,,,,-,-,-,S,1,0,Rn,,,,,Rt,,,,
223,LDRSB,,offx,X,0,0,1,1,1,0,0,0,1,0,1,Rm,,,,,-,-,-,S,1,0,Rn,,,,,Rt,,,,
224,LDRSB,,offw,W,0,0,1,1,1,0,0,0,1,1,1,Rm,,,,,-,-,-,S,1,0,Rn,,,,,Rt,,,,
225,STR,v,offb,B,0,0,1,1,1,1,0,0,0,0,1,Rm,,,,,-,-,-,S,1,0,Rn,,,,,Rt,,,,
226,LDR,v,offb,B,0,0,1,1,1,1,0,0,0,1,1,Rm,,,,,-,-,-,S,1,0,Rn,,,,,Rt,,,,
227,STR,v,offq,Q,0,0,1,1,1,1,0,0,1,0,1,Rm,,,,,-,-,-,S,1,0,Rn,,,,,Rt,,,,
228,LDR,v,offq,Q,0,0,1,1,1,1,0,0,1,1,1,Rm,,,,,-,-,-,S,1,0,Rn,,,,,Rt,,,,
229,STRH,,off,,0,1,1,1,1,0,0,0,0,0,1,Rm,,,,,-,-,-,S,1,0,Rn,,,,,Rt,,,,
230,LDRH,,off,,0,1,1,1,1,0,0,0,0,1,1,Rm,,,,,-,-,-,S,1,0,Rn,,,,,Rt,,,,
231,LDRSH,,offx,X,0,1,1,1,1,0,0,0,1,0,1,Rm,,,,,-,-,-,S,1,0,Rn,,,,,Rt,,,,
232,LDRSH,,offw,W,0,1,1,1,1,0,0,0,1,1,1,Rm,,,,,-,-,-,S,1,0,Rn,,,,,Rt,,,,
233,STR,v,offh,H,0,1,1,1,1,1,0,0,0,0,1,Rm,,,,,-,-,-,S,1,0,Rn,,,,,Rt,,,,
234,LDR,v,offh,H,0,1,1,1,1,1,0,0,0,1,1,Rm,,,,,-,-,-,S,1,0,Rn,,,,,Rt,,,,
235,STR,,offw,W,1,0,1,1,1,0,0,0,0,0,1,Rm,,,,,-,-,-,S,1,0,Rn,,,,,Rt,,,,
236,LDR,,offw,W,1,0,1,1,1,0,0,0,0,1,1,Rm,,,,,-,-,-,S,1,0,Rn,,,,,Rt,,,,
237,LDRSW,,off,,1,0,1,1,1,0,0,0,1,0,1,Rm,,,,,-,-,-,S,1,0,Rn,,,,,Rt,,,,
238,STR,v,offs,S,1,0,1,1,1,1,0,0,0,0,1,Rm,,,,,-,-,-,S,1,0,Rn,,,,,Rt,,,,
239,LDR,v,offs,S,1,0,1,1,1,1,0,0,0,1,1,Rm,,,,,-,-,-,S,1,0,Rn,,,,,Rt,,,,
240,STR,,offx,X,1,1,1,1,1,0,0,0,0,0,1,Rm,,,,,-,-,-,S,1,0,Rn,,,,,Rt,,,,
241,LDR,,offx,X,1,1,1,1,1,0,0,0,0,1,1,Rm,,,,,-,-,-,S,1,0,Rn,,,,,Rt,,,,
243,STR,v,offd,D,1,1,1,1,1,1,0,0,0,0,1,Rm,,,,,-,-,-,S,1,0,Rn,,,,,Rt,,,,
244,LDR,v,offd,D,1,1,1,1,1,1,0,0,0,1,1,Rm,,,,,-,-,-,S,1,0,Rn,,,,,Rt,,,,
242,PRFM,,off,,1,1,1,1,1,0,0,0,1,0,1,Rm,,,,,-,-,-,S,1,0,Rn,,,,,Rt,,,,
246,STRB,,imm,,0,0,1,1,1,0,0,1,0,0,imm12,,,,,,,,,,,,Rn,,,,,Rt,,,,
247,LDRB,,imm,,0,0,1,1,1,0,0,1,0,1,imm12,,,,,,,,,,,,Rn,,,,,Rt,,,,
248,LDRSB,,immx,X,0,0,1,1,1,0,0,1,1,0,imm12,,,,,,,,,,,,Rn,,,,,Rt,,,,
249,LDRSB,,immw,W,0,0,1,1,1,0,0,1,1,1,imm12,,,,,,,,,,,,Rn,,,,,Rt,,,,
250,STR,v,immb,B,0,0,1,1,1,1,0,1,0,0,imm12,,,,,,,,,,,,Rn,,,,,Rt,,,,
251,LDR,v,immb,B,0,0,1,1,1,1,0,1,0,1,imm12,,,,,,,,,,,,Rn,,,,,Rt,,,,
252,STR,v,immq,Q,0,0,1,1,1,1,0,1,1,0,imm12,,,,,,,,,,,,Rn,,,,,Rt,,,,
253,LDR,v,immq,Q,0,0,1,1,1,1,0,1,1,1,imm12,,,,,,,,,,,,Rn,,,,,Rt,,,,
254,STRH,,imm,,0,1,1,1,1,0,0,1,0,0,imm12,,,,,,,,,,,,Rn,,,,,Rt,,,,
255,LDRH,,imm,,0,1,1,1,1,0,0,1,0,1,imm12,,,,,,,,,,,,Rn,,,,,Rt,,,,
256,LDRSH,,immx,X,0,1,1,1,1,0,0,1,1,0,imm12,,,,,,,,,,,,Rn,,,,,Rt,,,,
257,LDRSH,,immw,W,0,1,1,1,1,0,0,1,1,1,imm12,,,,,,,,,,,,Rn,,,,,Rt,,,,
258,STR,v,immh,H,0,1,1,1,1,1,0,1,0,0,imm12,,,,,,,,,,,,Rn,,,,,Rt,,,,
259,LDR,v,immh,H,0,1,1,1,1,1,0,1,0,1,imm12,,,,,,,,,,,,Rn,,,,,Rt,,,,
260,STR,,immw,W,1,0,1,1,1,0,0,1,0,0,imm12,,,,,,,,,,,,Rn,,,,,Rt,,,,
261,LDR,,immw,W,1,0,1,1,1,0,0,1,0,1,imm12,,,,,,,,,,,,Rn,,,,,Rt,,,,
262,LDRSW,,imm,,1,0,1,1,1,0,0,1,1,0,imm12,,,,,,,,,,,,Rn,,,,,Rt,,,,
263,STR,v,imms,S,1,0,1,1,1,1,0,1,0,0,imm12,,,,,,,,,,,,Rn,,,,,Rt,,,,
264,LDR,v,imms,S,1,0,1,1,1,1,0,1,0,1,imm12,,,,,,,,,,,,Rn,,,,,Rt,,,,
265,STR,,immx,X,1,1,1,1,1,0,0,1,0,0,imm12,,,,,,,,,,,,Rn,,,,,Rt,,,,
266,LDR,,immx,X,1,1,1,1,1,0,0,1,0,1,imm12,,,,,,,,,,,,Rn,,,,,Rt,,,,
268,STR,v,immd,D,1,1,1,1,1,1,0,1,0,0,imm12,,,,,,,,,,,,Rn,,,,,Rt,,,,
269,LDR,v,immd,D,1,1,1,1,1,1,0,1,0,1,imm12,,,,,,,,,,,,Rn,,,,,Rt,,,,
267,PRFM,,imm,,1,1,1,1,1,0,0,1,1,0,imm12,,,,,,,,,,,,Rn,,,,,Rt,,,,
272,ADR,,,,0,immlo,,1,0,0,0,0,immhi,,,,,,,,,,,,,,,,,,,Rd,,,,
273,ADRP,,,,1,immlo,,1,0,0,0,0,immhi,,,,,,,,,,,,,,,,,,,Rd,,,,
275,ADD,,immw,W,0,0,0,1,0,0,0,1,shift,-,imm12,,,,,,,,,,,,Rn,,,,,Rd,,,,
276,ADDS,,immw,W,0,0,1,1,0,0,0,1,shift,-,imm12,,,,,,,,,,,,Rn,,,,,Rd,,,,
277,SUB,,immw,W,0,1,0,1,0,0,0,1,shift,-,imm12,,,,,,,,,,,,Rn,,,,,Rd,,,,
278,SUBS,,immw,W,0,1,1,1,0,0,0,1,shift,-,imm12,,,,,,,,,,,,Rn,,,,,Rd,,,,
279,ADD,,immx,X,1,0,0,1,0,0,0,1,shift,-,imm12,,,,,,,,,,,,Rn,,,,,Rd,,,,
280,ADDS,,immx,X,1,0,1,1,0,0,0,1,shift,-,imm12,,,,,,,,,,,,Rn,,,,,Rd,,,,
281,SUB,,immx,X,1,1,0,1,0,0,0,1,shift,-,imm12,,,,,,,,,,,,Rn,,,,,Rd,,,,
282,SUBS,,immx,X,1,1,1,1,0,0,0,1,shift,-,imm12,,,,,,,,,,,,Rn,,,,,Rd,,,,
284,AND,,immw,W,0,0,0,1,0,0,1,0,0,0,immr,,,,,,imms,,,,,,Rn,,,,,Rd,,,,
285,ORR,,immw,W,0,0,1,1,0,0,1,0,0,0,immr,,,,,,imms,,,,,,Rn,,,,,Rd,,,,
286,EOR,,immw,W,0,1,0,1,0,0,1,0,0,0,immr,,,,,,imms,,,,,,Rn,,,,,Rd,,,,
287,ANDS,,immw,W,0,1,1,1,0,0,1,0,0,0,immr,,,,,,imms,,,,,,Rn,,,,,Rd,,,,
288,AND,,immx,X,1,0,0,1,0,0,1,0,0,-,immr,,,,,,imms,,,,,,Rn,,,,,Rd,,,,
289,ORR,,immx,X,1,0,1,1,0,0,1,0,0,-,immr,,,,,,imms,,,,,,Rn,,,,,Rd,,,,
290,EOR,,immx,X,1,1,0,1,0,0,1,0,0,-,immr,,,,,,imms,,,,,,Rn,,,,,Rd,,,,
291,ANDS,,immx,X,1,1,1,1,0,0,1,0,0,-,immr,,,,,,imms,,,,,,Rn,,,,,Rd,,,,
293,MOVN,,w,W,0,0,0,1,0,0,1,0,1,-,-,imm16,,,,,,,,,,,,,,,,Rd,,,,
294,MOVZ,,w,W,0,1,0,1,0,0,1,0,1,-,-,imm16,,,,,,,,,,,,,,,,Rd,,,,
295,MOVK,,w,W,0,1,1,1,0,0,1,0,1,-,-,imm16,,,,,,,,,,,,,,,,Rd,,,,
296,MOVN,,x,X,1,0,0,1,0,0,1,0,1,-,-,imm16,,,,,,,,,,,,,,,,Rd,,,,
297,MOVZ,,x,X,1,1,0,1,0,0,1,0,1,-,-,imm16,,,,,,,,,,,,,,,,Rd,,,,
298,MOVK,,x,X,1,1,1,1,0,0,1,0,1,-,-,imm16,,,,,,,,,,,,,,,,Rd,,,,
300,SBFM,,w,W,0,0,0,1,0,0,1,1,0,0,immr,,,,,,imms,,,,,,Rn,,,,,Rd,,,,
301,BFM,,w,W,0,0,1,1,0,0,1,1,0,0,immr,,,,,,imms,,,,,,Rn,,,,,Rd,,,,
302,UBFM,,w,W,0,1,0,1,0,0,1,1,0,0,immr,,,,,,imms,,,,,,Rn,,,,,Rd,,,,
303,SBFM,,x,X,1,0,0,1,0,0,1,1,0,1,immr,,,,,,imms,,,,,,Rn,,,,,Rd,,,,
304,BFM,,x,X,1,0,1,1,0,0,1,1,0,1,immr,,,,,,imms,,,,,,Rn,,,,,Rd,,,,
305,UBFM,,x,X,1,1,0,1,0,0,1,1,0,1,immr,,,,,,imms,,,,,,Rn,,,,,Rd,,,,
307,EXTR,,w,W,0,0,0,1,0,0,1,1,1,0,0,Rm,,,,,0,-,-,-,-,-,Rn,,,,,Rd,,,,
308,EXTR,,x,X,1,0,0,1,0,0,1,1,1,1,0,Rm,,,,,1,-,-,-,-,-,Rn,,,,,Rd,,,,
311,AND,,w,W,0,0,0,0,1,0,1,0,shift,,0,Rm,,,,,-,-,-,-,-,-,Rn,,,,,Rd,,,,
312,BIC,,w,W,0,0,0,0,1,0,1,0,shift,,1,Rm,,,,,-,-,-,-,-,-,Rn,,,,,Rd,,,,
313,ORR,,w,W,0,0,1,0,1,0,1,0,shift,,0,Rm,,,,,-,-,-,-,-,-,Rn,,,,,Rd,,,,
314,ORN,,w,W,0,0,1,0,1,0,1,0,shift,,1,Rm,,,,,-,-,-,-,-,-,Rn,,,,,Rd,,,,
315,EOR,,w,W,0,1,0,0,1,0,1,0,shift,,0,Rm,,,,,-,-,-,-,-,-,Rn,,,,,Rd,,,,
316,EON,,w,W,0,1,0,0,1,0,1,0,shift,,1,Rm,,,,,-,-,-,-,-,-,Rn,,,,,Rd,,,,
317,ANDS,,w,W,0,1,1,0,1,0,1,0,shift,,0,Rm,,,,,-,-,-,-,-,-,Rn,,,,,Rd,,,,
318,BICS,,w,W,0,1,1,0,1,0,1,0,shift,,1,Rm,,,,,-,-,-,-,-,-,Rn,,,,,Rd,,,,
319,AND,,x,X,1,0,0,0,1,0,1,0,shift,,0,Rm,,,,,-,-,-,-,-,-,Rn,,,,,Rd,,,,
320,BIC,,x,X,1,0,0,0,1,0,1,0,shift,,1,Rm,,,,,-,-,-,-,-,-,Rn,,,,,Rd,,,,
321,ORR,,x,X,1,0,1,0,1,0,1,0,shift,,0,Rm,,,,,-,-,-,-,-,-,Rn,,,,,Rd,,,,
322,ORN,,x,X,1,0,1,0,1,0,1,0,shift,,1,Rm,,,,,-,-,-,-,-,-,Rn,,,,,Rd,,,,
323,EOR,,x,X,1,1,0,0,1,0,1,0,shift,,0,Rm,,,,,-,-,-,-,-,-,Rn,,,,,Rd,,,,
324,EON,,x,X,1,1,0,0,1,0,1,0,shift,,1,Rm,,,,,-,-,-,-,-,-,Rn,,,,,Rd,,,,
325,ANDS,,x,X,1,1,1,0,1,0,1,0,shift,,0,Rm,,,,,-,-,-,-,-,-,Rn,,,,,Rd,,,,
326,BICS,,x,X,1,1,1,0,1,0,1,0,shift,,1,Rm,,,,,-,-,-,-,-,-,Rn,,,,,Rd,,,,
328,ADD,,w,W,0,0,0,0,1,0,1,1,-,-,0,Rm,,,,,-,-,-,-,-,-,Rn,,,,,Rd,,,,
329,ADDS,,w,W,0,0,1,0,1,0,1,1,-,-,0,Rm,,,,,-,-,-,-,-,-,Rn,,,,,Rd,,,,
330,SUB,,w,W,0,1,0,0,1,0,1,1,-,-,0,Rm,,,,,-,-,-,-,-,-,Rn,,,,,Rd,,,,
331,SUBS,,w,W,0,1,1,0,1,0,1,1,-,-,0,Rm,,,,,-,-,-,-,-,-,Rn,,,,,Rd,,,,
332,ADD,,x,X,1,0,0,0,1,0,1,1,-,-,0,Rm,,,,,-,-,-,-,-,-,Rn,,,,,Rd,,,,
333,ADDS,,x,X,1,0,1,0,1,0,1,1,-,-,0,Rm,,,,,-,-,-,-,-,-,Rn,,,,,Rd,,,,
334,SUB,,x,X,1,1,0,0,1,0,1,1,-,-,0,Rm,,,,,-,-,-,-,-,-,Rn,,,,,Rd,,,,
335,SUBS,,x,X,1,1,1,0,1,0,1,1,-,-,0,Rm,,,,,-,-,-,-,-,-,Rn,,,,,Rd,,,,
337,ADD,,extw,W,0,0,0,0,1,0,1,1,0,0,1,Rm,,,,,option,,,-,-,-,Rn,,,,,Rd,,,,
338,ADDS,,extw,W,0,0,1,0,1,0,1,1,0,0,1,Rm,,,,,option,,,-,-,-,Rn,,,,,Rd,,,,
339,SUB,,extw,W,0,1,0,0,1,0,1,1,0,0,1,Rm,,,,,option,,,-,-,-,Rn,,,,,Rd,,,,
340,SUBS,,extw,W,0,1,1,0,1,0,1,1,0,0,1,Rm,,,,,option,,,-,-,-,Rn,,,,,Rd,,,,
341,ADD,,extx,X,1,0,0,0,1,0,1,1,0,0,1,Rm,,,,,option,,,-,-,-,Rn,,,,,Rd,,,,
342,ADDS,,extx,X,1,0,1,0,1,0,1,1,0,0,1,Rm,,,,,option,,,-,-,-,Rn,,,,,Rd,,,,
343,SUB,,extx,X,1,1,0,0,1,0,1,1,0,0,1,Rm,,,,,option,,,-,-,-,Rn,,,,,Rd,,,,
344,SUBS,,extx,X,1,1,1,0,1,0,1,1,0,0,1,Rm,,,,,option,,,-,-,-,Rn,,,,,Rd,,,,
346,ADC,,w,W,0,0,0,1,1,0,1,0,0,0,0,Rm,,,,,0,0,0,0,0,0,Rn,,,,,Rd,,,,
347,ADCS,,w,W,0,0,1,1,1,0,1,0,0,0,0,Rm,,,,,0,0,0,0,0,0,Rn,,,,,Rd,,,,
348,SBC,,w,W,0,1,0,1,1,0,1,0,0,0,0,Rm,,,,,0,0,0,0,0,0,Rn,,,,,Rd,,,,
349,SBCS,,w,W,0,1,1,1,1,0,1,0,0,0,0,Rm,,,,,0,0,0,0,0,0,Rn,,,,,Rd,,,,
350,ADC,,x,X,1,0,0,1,1,0,1,0,0,0,0,Rm,,,,,0,0,0,0,0,0,Rn,,,,,Rd,,,,
351,ADCS,,x,X,1,0,1,1,1,0,1,0,0,0,0,Rm,,,,,0,0,0,0,0,0,Rn,,,,,Rd,,,,
352,SBC,,x,X,1,1,0,1,1,0,1,0,0,0,0,Rm,,,,,0,0,0,0,0,0,Rn,,,,,Rd,,,,
353,SBCS,,x,X,1,1,1,1,1,0,1,0,0,0,0,Rm,,,,,0,0,0,0,0,0,Rn,,,,,Rd,,,,
355,CCMN,,w,W,0,0,1,1,1,0,1,0,0,1,0,imm5,,,,,cond,,,,0,0,Rn,,,,,0,nzcv,,,
356,CCMN,,x,X,1,0,1,1,1,0,1,0,0,1,0,imm5,,,,,cond,,,,0,0,Rn,,,,,0,nzcv,,,
357,CCMP,,w,W,0,1,1,1,1,0,1,0,0,1,0,imm5,,,,,cond,,,,0,0,Rn,,,,,0,nzcv,,,
358,CCMP,,x,X,1,1,1,1,1,0,1,0,0,1,0,imm5,,,,,cond,,,,0,0,Rn,,,,,0,nzcv,,,
360,CCMN,,immw,W,0,0,1,1,1,0,1,0,0,1,0,imm5,,,,,cond,,,,1,0,Rn,,,,,0,nzcv,,,
361,CCMN,,immx,X,1,0,1,1,1,0,1,0,0,1,0,imm5,,,,,cond,,,,1,0,Rn,,,,,0,nzcv,,,
362,CCMP,,immw,W,0,1,1,1,1,0,1,0,0,1,0,imm5,,,,,cond,,,,1,0,Rn,,,,,0,nzcv,,,
363,CCMP,,immx,X,1,1,1,1,1,0,1,0,0,1,0,imm5,,,,,cond,,,,1,0,Rn,,,,,0,nzcv,,,
365,CSEL,,w,W,0,0,0,1,1,0,1,0,1,0,0,Rm,,,,,cond,,,,0,0,Rn,,,,,Rd,,,,
366,CSINC,,w,W,0,0,0,1,1,0,1,0,1,0,0,Rm,,,,,cond,,,,0,1,Rn,,,,,Rd,,,,
367,CSINV,,w,W,0,1,0,1,1,0,1,0,1,0,0,Rm,,,,,cond,,,,0,0,Rn,,,,,Rd,,,,
368,CSNEG,,w,W,0,1,0,1,1,0,1,0,1,0,0,Rm,,,,,cond,,,,0,1,Rn,,,,,Rd,,,,
369,CSEL,,x,X,1,0,0,1,1,0,1,0,1,0,0,Rm,,,,,cond,,,,0,0,Rn,,,,,Rd,,,,
370,CSINC,,x,X,1,0,0,1,1,0,1,0,1,0,0,Rm,,,,,cond,,,,0,1,Rn,,,,,Rd,,,,
371,CSINV,,x,X,1,1,0,1,1,0,1,0,1,0,0,Rm,,,,,cond,,,,0,0,Rn,,,,,Rd,,,,
372,CSNEG,,x,X,1,1,0,1,1,0,1,0,1,0,0,Rm,,,,,cond,,,,0,1,Rn,,,,,Rd,,,,
374,MADD,,w,W,0,0,0,1,1,0,1,1,0,0,0,Rm,,,,,0,Ra,,,,,Rn,,,,,Rd,,,,
375,MADD,,x,X,1,0,0,1,1,0,1,1,0,0,0,Rm,,,,,0,Ra,,,,,Rn,,,,,Rd,,,,
376,SMADDL,,,,1,0,0,1,1,0,1,1,0,0,1,Rm,,,,,0,Ra,,,,,Rn,,,,,Rd,,,,
377,UMADDL,,,,1,0,0,1,1,0,1,1,1,0,1,Rm,,,,,0,Ra,,,,,Rn,,,,,Rd,,,,
378,MSUB,,w,W,0,0,0,1,1,0,1,1,0,0,0,Rm,,,,,1,Ra,,,,,Rn,,,,,Rd,,,,
379,MSUB,,x,X,1,0,0,1,1,0,1,1,0,0,0,Rm,,,,,1,Ra,,,,,Rn,,,,,Rd,,,,
380,SMSUBL,,,,1,0,0,1,1,0,1,1,0,0,1,Rm,,,,,1,Ra,,,,,Rn,,,,,Rd,,,,
381,UMSUBL,,,,1,0,0,1,1,0,1,1,1,0,1,Rm,,,,,1,Ra,,,,,Rn,,,,,Rd,,,,
382,SMULH,,,,1,0,0,1,1,0,1,1,0,1,0,Rm,,,,,0,Ra,,,,,Rn,,,,,Rd,,,,
383,UMULH,,,,1,0,0,1,1,0,1,1,1,1,0,Rm,,,,,0,Ra,,,,,Rn,,,,,Rd,,,,
385,CRC32X,,,,1,0,0,1,1,0,1,0,1,1,0,Rm,,,,,0,1,0,0,1,1,Rn,,,,,Rd,,,,
386,CRC32CX,,,,1,0,0,1,1,0,1,0,1,1,0,Rm,,,,,0,1,0,1,1,1,Rn,,,,,Rd,,,,
387,CRC32B,,,,0,0,0,1,1,0,1,0,1,1,0,Rm,,,,,0,1,0,0,0,0,Rn,,,,,Rd,,,,
388,CRC32CB,,,,0,0,0,1,1,0,1,0,1,1,0,Rm,,,,,0,1,0,1,0,0,Rn,,,,,Rd,,,,
389,CRC32H,,,,0,0,0,1,1,0,1,0,1,1,0,Rm,,,,,0,1,0,0,0,1,Rn,,,,,Rd,,,,
390,CRC32CH,,,,0,0,0,1,1,0,1,0,1,1,0,Rm,,,,,0,1,0,1,0,1,Rn,,,,,Rd,,,,
391,CRC32W,,,,0,0,0,1,1,0,1,0,1,1,0,Rm,,,,,0,1,0,0,1,0,Rn,,,,,Rd,,,,
392,CRC32CW,,,,0,0,0,1,1,0,1,0,1,1,0,Rm,,,,,0,1,0,1,1,0,Rn,,,,,Rd,,,,
393,UDIV,,w,W,0,0,0,1,1,0,1,0,1,1,0,Rm,,,,,0,0,0,0,1,0,Rn,,,,,Rd,,,,
394,UDIV,,x,X,1,0,0,1,1,0,1,0,1,1,0,Rm,,,,,0,0,0,0,1,0,Rn,,,,,Rd,,,,
395,SDIV,,w,W,0,0,0,1,1,0,1,0,1,1,0,Rm,,,,,0,0,0,0,1,1,Rn,,,,,Rd,,,,
396,SDIV,,x,X,1,0,0,1,1,0,1,0,1,1,0,Rm,,,,,0,0,0,0,1,1,Rn,,,,,Rd,,,,
397,LSLV,,w,W,0,0,0,1,1,0,1,0,1,1,0,Rm,,,,,0,0,1,0,0,0,Rn,,,,,Rd,,,,
398,LSLV,,x,X,1,0,0,1,1,0,1,0,1,1,0,Rm,,,,,0,0,1,0,0,0,Rn,,,,,Rd,,,,
399,LSRV,,w,W,0,0,0,1,1,0,1,0,1,1,0,Rm,,,,,0,0,1,0,0,1,Rn,,,,,Rd,,,,
400,LSRV,,x,X,1,0,0,1,1,0,1,0,1,1,0,Rm,,,,,0,0,1,0,0,1,Rn,,,,,Rd,,,,
401,ASRV,,w,W,0,0,0,1,1,0,1,0,1,1,0,Rm,,,,,0,0,1,0,1,0,Rn,,,,,Rd,,,,
402,ASRV,,x,X,1,0,0,1,1,0,1,0,1,1,0,Rm,,,,,0,0,1,0,1,0,Rn,,,,,Rd,,,,
403,RORV,,w,W,0,0,0,1,1,0,1,0,1,1,0,Rm,,,,,0,0,1,0,1,1,Rn,,,,,Rd,,,,
404,RORV,,x,X,1,0,0,1,1,0,1,0,1,1,0,Rm,,,,,0,0,1,0,1,1,Rn,,,,,Rd,,,,
406,RBIT,,w,W,0,1,0,1,1,0,1,0,1,1,0,0,0,0,0,0,0,0,0,0,0,0,Rn,,,,,Rd,,,,
407,RBIT,,x,X,1,1,0,1,1,0,1,0,1,1,0,0,0,0,0,0,0,0,0,0,0,0,Rn,,,,,Rd,,,,
408,CLZ,,w,W,0,1,0,1,1,0,1,0,1,1,0,0,0,0,0,0,0,0,0,1,0,0,Rn,,,,,Rd,,,,
409,CLZ,,x,X,1,1,0,1,1,0,1,0,1,1,0,0,0,0,0,0,0,0,0,1,0,0,Rn,,,,,Rd,,,,
410,CLS,,w,W,0,1,0,1,1,0,1,0,1,1,0,0,0,0,0,0,0,0,0,1,0,1,Rn,,,,,Rd,,,,
411,CLS,,x,X,1,1,0,1,1,0,1,0,1,1,0,0,0,0,0,0,0,0,0,1,0,1,Rn,,,,,Rd,,,,
412,REV,,w,W,0,1,0,1,1,0,1,0,1,1,0,0,0,0,0,0,0,0,0,0,1,0,Rn,,,,,Rd,,,,
413,REV,,x,X,1,1,0,1,1,0,1,0,1,1,0,0,0,0,0,0,0,0,0,0,1,1,Rn,,,,,Rd,,,,
414,REV16,,w,W,1,1,0,1,1,0,1,0,1,1,0,0,0,0,0,0,0,0,0,0,0,1,Rn,,,,,Rd,,,,
415,REV16,,x,X,0,1,0,1,1,0,1,0,1,1,0,0,0,0,0,0,0,0,0,0,0,1,Rn,,,,,Rd,,,,
416,REV32,,,,1,1,0,1,1,0,1,0,1,1,0,0,0,0,0,0,0,0,0,0,1,0,Rn,,,,,Rd,,,,
419,SCVTF,v,scalar_fixed_point_32_bit_to_single_precision,32_bit_to_single_precision,0,0,0,1,1,1,1,0,0,0,0,0,0,0,1,0,-,-,-,-,-,-,Rn,,,,,Rd,,,,
420,UCVTF,v,scalar_fixed_point_32_bit_to_single_precision,32_bit_to_single_precision,0,0,0,1,1,1,1,0,0,0,0,0,0,0,1,1,-,-,-,-,-,-,Rn,,,,,Rd,,,,
421,FCVTZS,v,scalar_fixed_point_Single_precision_to_32_bit,Single_precision_to_32_bit,0,0,0,1,1,1,1,0,1,1,0,1,1,0,0,0,-,-,-,-,-,-,Rn,,,,,Rd,,,,
422,FCVTZU,v,scalar_fixed_point_Single_precision_to_32_bit,Single_precision_to_32_bit,0,0,0,1,1,1,1,0,1,1,0,1,1,0,0,1,-,-,-,-,-,-,Rn,,,,,Rd,,,,
423,SCVTF,v,scalar_fixed_point_32_bit_to_double_precision,32_bit_to_double_precision,0,0,0,1,1,1,1,0,0,0,0,0,0,0,1,0,-,-,-,-,-,-,Rn,,,,,Rd,,,,
424,UCVTF,v,scalar_fixed_point_32_bit_to_double_precision,32_bit_to_double_precision,0,0,0,1,1,1,1,0,0,0,0,0,0,0,1,1,-,-,-,-,-,-,Rn,,,,,Rd,,,,
425,FCVTZS,v,scalar_fixed_point_Double_precision_to_32_bit,Double_precision_to_32_bit,0,0,0,1,1,1,1,0,1,1,0,1,1,0,0,0,-,-,-,-,-,-,Rn,,,,,Rd,,,,
426,FCVTZU,v,scalar_fixed_point_Double_precision_to_32_bit,Double_precision_to_32_bit,0,0,0,1,1,1,1,0,1,1,0,1,1,0,0,1,-,-,-,-,-,-,Rn,,,,,Rd,,,,
427,SCVTF,v,scalar_fixed_point_64_bit_to_single_precision,64_bit_to_single_precision,1,0,0,1,1,1,1,0,0,0,0,0,0,0,1,0,-,-,-,-,-,-,Rn,,,,,Rd,,,,
428,UCVTF,v,scalar_fixed_point_64_bit_to_single_precision,64_bit_to_single_precision,1,0,0,1,1,1,1,0,0,0,0,0,0,0,1,1,-,-,-,-,-,-,Rn,,,,,Rd,,,,
429,FCVTZS,v,scalar_fixed_point_Single_precision_to_64_bit,Single_precision_to_64_bit,1,0,0,1,1,1,1,0,1,1,0,1,1,0,0,0,-,-,-,-,-,-,Rn,,,,,Rd,,,,
430,FCVTZU,v,scalar_fixed_point_Single_precision_to_64_bit,Single_precision_to_64_bit,1,0,0,1,1,1,1,0,1,1,0,1,1,0,0,1,-,-,-,-,-,-,Rn,,,,,Rd,,,,
431,SCVTF,v,scalar_fixed_point_64_bit_to_double_precision,64_bit_to_double_precision,1,0,0,1,1,1,1,0,0,0,0,0,0,0,1,0,-,-,-,-,-,-,Rn,,,,,Rd,,,,
432,UCVTF,v,scalar_fixed_point_64_bit_to_double_precision,64_bit_to_double_precision,1,0,0,1,1,1,1,0,0,0,0,0,0,0,1,1,-,-,-,-,-,-,Rn,,,,,Rd,,,,
433,FCVTZS,v,scalar_fixed_point_Double_precision_to_64_bit,Double_precision_to_64_bit,1,0,0,1,1,1,1,0,1,1,0,1,1,0,0,0,-,-,-,-,-,-,Rn,,,,,Rd,,,,
434,FCVTZU,v,scalar_fixed_point_Double_precision_to_64_bit,Double_precision_to_64_bit,1,0,0,1,1,1,1,0,1,1,0,1,1,0,0,1,-,-,-,-,-,-,Rn,,,,,Rd,,,,
436,FCCMP,v,Single_precision,Single_precision,0,0,0,1,1,1,1,0,0,0,1,Rm,,,,,cond,,,,0,1,Rn,,,,,0,nzcv,,,
437,FCCMPE,v,Single_precision,Single_precision,0,0,0,1,1,1,1,0,0,0,1,Rm,,,,,cond,,,,0,1,Rn,,,,,1,nzcv,,,
438,FCCMP,v,Double_precision,Double_precision,0,0,0,1,1,1,1,0,0,1,1,Rm,,,,,cond,,,,0,1,Rn,,,,,0,nzcv,,,
439,FCCMPE,v,Double_precision,Double_precision,0,0,0,1,1,1,1,0,0,1,1,Rm,,,,,cond,,,,0,1,Rn,,,,,1,nzcv,,,
441,FMUL,v,scalar_Single_precision,Single_precision,0,0,0,1,1,1,1,0,0,0,1,Rm,,,,,0,0,0,0,1,0,Rn,,,,,Rd,,,,
442,FDIV,v,scalar_Single_precision,Single_precision,0,0,0,1,1,1,1,0,0,0,1,Rm,,,,,0,0,0,1,1,0,Rn,,,,,Rd,,,,
443,FADD,v,scalar_Single_precision,Single_precision,0,0,0,1,1,1,1,0,0,0,1,Rm,,,,,0,0,1,0,1,0,Rn,,,,,Rd,,,,
444,FSUB,v,scalar_Single_precision,Single_precision,0,0,0,1,1,1,1,0,0,0,1,Rm,,,,,0,0,1,1,1,0,Rn,,,,,Rd,,,,
445,FMAX,v,scalar_Single_precision,Single_precision,0,0,0,1,1,1,1,0,0,0,1,Rm,,,,,0,1,0,0,1,0,Rn,,,,,Rd,,,,
446,FMIN,v,scalar_Single_precision,Single_precision,0,0,0,1,1,1,1,0,0,0,1,Rm,,,,,0,1,0,1,1,0,Rn,,,,,Rd,,,,
447,FMAXNM,v,scalar_Single_precision,Single_precision,0,0,0,1,1,1,1,0,0,0,1,Rm,,,,,0,1,1,0,1,0,Rn,,,,,Rd,,,,
448,FMINNM,v,scalar_Single_precision,Single_precision,0,0,0,1,1,1,1,0,0,0,1,Rm,,,,,0,1,1,1,1,0,Rn,,,,,Rd,,,,
449,FNMUL,v,Single_precision,Single_precision,0,0,0,1,1,1,1,0,0,0,1,Rm,,,,,1,0,0,0,1,0,Rn,,,,,Rd,,,,
450,FMUL,v,scalar_Double_precision,Double_precision,0,0,0,1,1,1,1,0,0,1,1,Rm,,,,,0,0,0,0,1,0,Rn,,,,,Rd,,,,
451,FDIV,v,scalar_Double_precision,Double_precision,0,0,0,1,1,1,1,0,0,1,1,Rm,,,,,0,0,0,1,1,0,Rn,,,,,Rd,,,,
452,FADD,v,scalar_Double_precision,Double_precision,0,0,0,1,1,1,1,0,0,1,1,Rm,,,,,0,0,1,0,1,0,Rn,,,,,Rd,,,,
453,FSUB,v,scalar_Double_precision,Double_precision,0,0,0,1,1,1,1,0,0,1,1,Rm,,,,,0,0,1,1,1,0,Rn,,,,,Rd,,,,
454,FMAX,v,scalar_Double_precision,Double_precision,0,0,0,1,1,1,1,0,0,1,1,Rm,,,,,0,1,0,0,1,0,Rn,,,,,Rd,,,,
455,FMIN,v,scalar_Double_precision,Double_precision,0,0,0,1,1,1,1,0,0,1,1,Rm,,,,,0,1,0,1,1,0,Rn,,,,,Rd,,,,
456,FMAXNM,v,scalar_Double_precision,Double_precision,0,0,0,1,1,1,1,0,0,1,1,Rm,,,,,0,1,1,0,1,0,Rn,,,,,Rd,,,,
457,FMINNM,v,scalar_Double_precision,Double_precision,0,0,0,1,1,1,1,0,0,1,1,Rm,,,,,0,1,1,1,1,0,Rn,,,,,Rd,,,,
458,FNMUL,v,Double_precision,Double_precision,0,0,0,1,1,1,1,0,0,1,1,Rm,,,,,1,0,0,0,1,0,Rn,,,,,Rd,,,,
460,FCSEL,v,Single_precision,Single_precision,0,0,0,1,1,1,1,0,0,0,1,Rm,,,,,cond,,,,1,1,Rn,,,,,Rd,,,,
461,FCSEL,v,Double_precision,Double_precision,0,0,0,1,1,1,1,0,0,1,1,Rm,,,,,cond,,,,1,1,Rn,,,,,Rd,,,,
463,FMOV,v,scalar_immediate_Single_precision,Single_precision,0,0,0,1,1,1,1,0,0,0,1,imm8,,,,,,,,1,0,0,0,0,0,0,0,Rd,,,,
464,FMOV,v,scalar_immediate_Double_precision,Double_precision,0,0,0,1,1,1,1,0,0,1,1,imm8,,,,,,,,1,0,0,0,0,0,0,0,Rd,,,,
466,FCMP,v,Single_precision,Single_precision,0,0,0,1,1,1,1,0,0,0,1,Rm,,,,,0,0,1,0,0,0,Rn,,,,,0,0,0,0,0
467,FCMP,v,Single_precision_zero,Single_precision_zero,0,0,0,1,1,1,1,0,0,0,1,Rm,,,,,0,0,1,0,0,0,Rn,,,,,0,1,0,0,0
468,FCMPE,v,Single_precision,Single_precision,0,0,0,1,1,1,1,0,0,0,1,Rm,,,,,0,0,1,0,0,0,Rn,,,,,1,0,0,0,0
469,FCMPE,v,Single_precision_zero,Single_precision_zero,0,0,0,1,1,1,1,0,0,0,1,Rm,,,,,0,0,1,0,0,0,Rn,,,,,1,1,0,0,0
470,FCMP,v,Double_precision,Double_precision,0,0,0,1,1,1,1,0,0,1,1,Rm,,,,,0,0,1,0,0,0,Rn,,,,,0,0,0,0,0
471,FCMP,v,Double_precision_zero,Double_precision_zero,0,0,0,1,1,1,1,0,0,1,1,Rm,,,,,0,0,1,0,0,0,Rn,,,,,0,1,0,0,0
472,FCMPE,v,Double_precision,Double_precision,0,0,0,1,1,1,1,0,0,1,1,Rm,,,,,0,0,1,0,0,0,Rn,,,,,1,0,0,0,0
473,FCMPE,v,Double_precision_zero,Double_precision_zero,0,0,0,1,1,1,1,0,0,1,1,Rm,,,,,0,0,1,0,0,0,Rn,,,,,1,1,0,0,0
475,FMOV,v,register_Single_precision,Single_precision,0,0,0,1,1,1,1,0,0,0,1,0,0,0,0,0,0,1,0,0,0,0,Rn,,,,,Rd,,,,
476,FABS,v,scalar_Single_precision,Single_precision,0,0,0,1,1,1,1,0,0,0,1,0,0,0,0,0,1,1,0,0,0,0,Rn,,,,,Rd,,,,
477,FNEG,v,scalar_Single_precision,Single_precision,0,0,0,1,1,1,1,0,0,0,1,0,0,0,0,1,0,1,0,0,0,0,Rn,,,,,Rd,,,,
478,FSQRT,v,scalar_Single_precision,Single_precision,0,0,0,1,1,1,1,0,0,0,1,0,0,0,0,1,1,1,0,0,0,0,Rn,,,,,Rd,,,,
479,FCVT,v,Single_precision_to_double_precision,Single_precision_to_double_precision,0,0,0,1,1,1,1,0,0,0,1,0,0,0,1,0,1,1,0,0,0,0,Rn,,,,,Rd,,,,
480,FCVT,v,Single_precision_to_half_precision,Single_precision_to_half_precision,0,0,0,1,1,1,1,0,0,0,1,0,0,0,1,1,1,1,0,0,0,0,Rn,,,,,Rd,,,,
481,FRINTN,v,scalar_Single_precision,Single_precision,0,0,0,1,1,1,1,0,0,0,1,0,0,1,0,0,0,1,0,0,0,0,Rn,,,,,Rd,,,,
482,FRINTP,v,scalar_Single_precision,Single_precision,0,0,0,1,1,1,1,0,0,0,1,0,0,1,0,0,1,1,0,0,0,0,Rn,,,,,Rd,,,,
483,FRINTM,v,scalar_Single_precision,Single_precision,0,0,0,1,1,1,1,0,0,0,1,0,0,1,0,1,0,1,0,0,0,0,Rn,,,,,Rd,,,,
484,FRINTZ,v,scalar_Single_precision,Single_precision,0,0,0,1,1,1,1,0,0,0,1,0,0,1,0,1,1,1,0,0,0,0,Rn,,,,,Rd,,,,
485,FRINTA,v,scalar_Single_precision,Single_precision,0,0,0,1,1,1,1,0,0,0,1,0,0,1,1,0,0,1,0,0,0,0,Rn,,,,,Rd,,,,
486,FRINTX,v,scalar_Single_precision,Single_precision,0,0,0,1,1,1,1,0,0,0,1,0,0,1,1,1,0,1,0,0,0,0,Rn,,,,,Rd,,,,
487,FRINTI,v,scalar_Single_precision,Single_precision,0,0,0,1,1,1,1,0,0,0,1,0,0,1,1,1,1,1,0,0,0,0,Rn,,,,,Rd,,,,
488,FMOV,v,register_Double_precision,Double_precision,0,0,0,1,1,1,1,0,0,1,1,0,0,0,0,0,0,1,0,0,0,0,Rn,,,,,Rd,,,,
489,FABS,v,scalar_Double_precision,Double_precision,0,0,0,1,1,1,1,0,0,1,1,0,0,0,0,0,1,1,0,0,0,0,Rn,,,,,Rd,,,,
490,FNEG,v,scalar_Double_precision,Double_precision,0,0,0,1,1,1,1,0,0,1,1,0,0,0,0,1,0,1,0,0,0,0,Rn,,,,,Rd,,,,
491,FSQRT,v,scalar_Double_precision,Double_precision,0,0,0,1,1,1,1,0,0,1,1,0,0,0,0,1,1,1,0,0,0,0,Rn,,,,,Rd,,,,
492,FCVT,v,Double_precision_to_single_precision,Double_precision_to_single_precision,0,0,0,1,1,1,1,0,0,1,1,0,0,0,1,0,0,1,0,0,0,0,Rn,,,,,Rd,,,,
493,FCVT,v,Double_precision_to_half_precision,Double_precision_to_half_precision,0,0,0,1,1,1,1,0,0,1,1,0,0,0,1,1,1,1,0,0,0,0,Rn,,,,,Rd,,,,
494,FRINTN,v,scalar_Double_precision,Double_precision,0,0,0,1,1,1,1,0,0,1,1,0,0,1,0,0,0,1,0,0,0,0,Rn,,,,,Rd,,,,
495,FRINTP,v,scalar_Double_precision,Double_precision,0,0,0,1,1,1,1,0,0,1,1,0,0,1,0,0,1,1,0,0,0,0,Rn,,,,,Rd,,,,
496,FRINTM,v,scalar_Double_precision,Double_precision,0,0,0,1,1,1,1,0,0,1,1,0,0,1,0,1,0,1,0,0,0,0,Rn,,,,,Rd,,,,
497,FRINTZ,v,scalar_Double_precision,Double_precision,0,0,0,1,1,1,1,0,0,1,1,0,0,1,0,1,1,1,0,0,0,0,Rn,,,,,Rd,,,,
498,FRINTA,v,scalar_Double_precision,Double_precision,0,0,0,1,1,1,1,0,0,1,1,0,0,1,1,0,0,1,0,0,0,0,Rn,,,,,Rd,,,,
499,FRINTX,v,scalar_Double_precision,Double_precision,0,0,0,1,1,1,1,0,0,1,1,0,0,1,1,1,0,1,0,0,0,0,Rn,,,,,Rd,,,,
500,FRINTI,v,scalar_Double_precision,Double_precision,0,0,0,1,1,1,1,0,0,1,1,0,0,1,1,1,1,1,0,0,0,0,Rn,,,,,Rd,,,,
501,FCVT,v,Half_precision_to_single_precision,Half_precision_to_single_precision,0,0,0,1,1,1,1,0,1,1,1,0,0,0,1,0,0,1,0,0,0,0,Rn,,,,,Rd,,,,
502,FCVT,v,Half_precision_to_double_precision,Half_precision_to_double_precision,0,0,0,1,1,1,1,0,1,1,1,0,0,0,1,0,1,1,0,0,0,0,Rn,,,,,Rd,,,,
504,FCVTNS,v,scalar_Single_precision_to_32_bit,Single_precision_to_32_bit,0,0,0,1,1,1,1,0,0,0,1,0,0,0,0,0,0,0,0,0,0,0,Rn,,,,,Rd,,,,
505,FCVTNU,v,scalar_Single_precision_to_32_bit,Single_precision_to_32_bit,0,0,0,1,1,1,1,0,0,0,1,0,0,0,0,1,0,0,0,0,0,0,Rn,,,,,Rd,,,,
506,SCVTF,v,scalar_integer_32_bit_to_single_precision,32_bit_to_single_precision,0,0,0,1,1,1,1,0,0,0,1,0,0,0,1,0,0,0,0,0,0,0,Rn,,,,,Rd,,,,
507,UCVTF,v,scalar_integer_32_bit_to_single_precision,32_bit_to_single_precision,0,0,0,1,1,1,1,0,0,0,1,0,0,0,1,1,0,0,0,0,0,0,Rn,,,,,Rd,,,,
508,FCVTAS,v,scalar_Single_precision_to_32_bit,Single_precision_to_32_bit,0,0,0,1,1,1,1,0,0,0,1,0,0,1,0,0,0,0,0,0,0,0,Rn,,,,,Rd,,,,
509,FCVTAU,v,scalar_Single_precision_to_32_bit,Single_precision_to_32_bit,0,0,0,1,1,1,1,0,0,0,1,0,0,1,0,1,0,0,0,0,0,0,Rn,,,,,Rd,,,,
510,FMOV,v,general_Single_precision_to_32_bit,Single_precision_to_32_bit,0,0,0,1,1,1,1,0,0,0,1,0,0,1,1,0,0,0,0,0,0,0,Rn,,,,,Rd,,,,
511,FMOV,v,general_32_bit_to_single_precision,32_bit_to_single_precision,0,0,0,1,1,1,1,0,0,0,1,0,0,1,1,1,0,0,0,0,0,0,Rn,,,,,Rd,,,,
512,FCVTPS,v,scalar_Single_precision_to_32_bit,Single_precision_to_32_bit,0,0,0,1,1,1,1,0,0,0,1,0,1,0,0,0,0,0,0,0,0,0,Rn,,,,,Rd,,,,
513,FCVTPU,v,scalar_Single_precision_to_32_bit,Single_precision_to_32_bit,0,0,0,1,1,1,1,0,0,0,1,0,1,0,0,1,0,0,0,0,0,0,Rn,,,,,Rd,,,,
514,FCVTMS,v,scalar_Single_precision_to_32_bit,Single_precision_to_32_bit,0,0,0,1,1,1,1,0,0,0,1,1,0,0,0,0,0,0,0,0,0,0,Rn,,,,,Rd,,,,
515,FCVTMU,v,scalar_Single_precision_to_32_bit,Single_precision_to_32_bit,0,0,0,1,1,1,1,0,0,0,1,1,0,0,0,1,0,0,0,0,0,0,Rn,,,,,Rd,,,,
516,FCVTZS,v,scalar_integer_Single_precision_to_32_bit,Single_precision_to_32_bit,0,0,0,1,1,1,1,0,0,0,1,1,1,0,0,0,0,0,0,0,0,0,Rn,,,,,Rd,,,,
517,FCVTZU,v,scalar_integer_Single_precision_to_32_bit,Single_precision_to_32_bit,0,0,0,1,1,1,1,0,0,0,1,1,1,0,0,1,0,0,0,0,0,0,Rn,,,,,Rd,,,,
518,FCVTNS,v,scalar_Double_precision_to_32_bit,Double_precision_to_32_bit,0,0,0,1,1,1,1,0,0,1,1,0,0,0,0,0,0,0,0,0,0,0,Rn,,,,,Rd,,,,
519,FCVTNU,v,scalar_Double_precision_to_32_bit,Double_precision_to_32_bit,0,0,0,1,1,1,1,0,0,1,1,0,0,0,0,1,0,0,0,0,0,0,Rn,,,,,Rd,,,,
520,SCVTF,v,scalar_integer_32_bit_to_double_precision,32_bit_to_double_precision,0,0,0,1,1,1,1,0,0,1,1,0,0,0,1,0,0,0,0,0,0,0,Rn,,,,,Rd,,,,
521,UCVTF,v,scalar_integer_32_bit_to_double_precision,32_bit_to_double_precision,0,0,0,1,1,1,1,0,0,1,1,0,0,0,1,1,0,0,0,0,0,0,Rn,,,,,Rd,,,,
522,FCVTAS,v,scalar_Double_precision_to_32_bit,Double_precision_to_32_bit,0,0,0,1,1,1,1,0,0,1,1,0,0,1,0,0,0,0,0,0,0,0,Rn,,,,,Rd,,,,
523,FCVTAU,v,scalar_Double_precision_to_32_bit,Double_precision_to_32_bit,0,0,0,1,1,1,1,0,0,1,1,0,0,1,0,1,0,0,0,0,0,0,Rn,,,,,Rd,,,,
524,FCVTPS,v,scalar_Double_precision_to_32_bit,Double_precision_to_32_bit,0,0,0,1,1,1,1,0,0,1,1,0,1,0,0,0,0,0,0,0,0,0,Rn,,,,,Rd,,,,
525,FCVTPU,v,scalar_Double_precision_to_32_bit,Double_precision_to_32_bit,0,0,0,1,1,1,1,0,0,1,1,0,1,0,0,1,0,0,0,0,0,0,Rn,,,,,Rd,,,,
526,FCVTMS,v,scalar_Double_precision_to_32_bit,Double_precision_to_32_bit,0,0,0,1,1,1,1,0,0,1,1,1,0,0,0,0,0,0,0,0,0,0,Rn,,,,,Rd,,,,
527,FCVTMU,v,scalar_Double_precision_to_32_bit,Double_precision_to_32_bit,0,0,0,1,1,1,1,0,0,1,1,1,0,0,0,1,0,0,0,0,0,0,Rn,,,,,Rd,,,,
528,FCVTZS,v,scalar_integer_Double_precision_to_32_bit,Double_precision_to_32_bit,0,0,0,1,1,1,1,0,0,1,1,1,1,0,0,0,0,0,0,0,0,0,Rn,,,,,Rd,,,,
529,FCVTZU,v,scalar_integer_Double_precision_to_32_bit,Double_precision_to_32_bit,0,0,0,1,1,1,1,0,0,1,1,1,1,0,0,1,0,0,0,0,0,0,Rn,,,,,Rd,,,,
530,FCVTNS,v,scalar_Single_precision_to_64_bit,Single_precision_to_64_bit,1,0,0,1,1,1,1,0,0,0,1,0,0,0,0,0,0,0,0,0,0,0,Rn,,,,,Rd,,,,
531,FCVTNU,v,scalar_Single_precision_to_64_bit,Single_precision_to_64_bit,1,0,0,1,1,1,1,0,0,0,1,0,0,0,0,1,0,0,0,0,0,0,Rn,,,,,Rd,,,,
532,SCVTF,v,scalar_integer_64_bit_to_single_precision,64_bit_to_single_precision,1,0,0,1,1,1,1,0,0,0,1,0,0,0,1,0,0,0,0,0,0,0,Rn,,,,,Rd,,,,
533,UCVTF,v,scalar_integer_64_bit_to_single_precision,64_bit_to_single_precision,1,0,0,1,1,1,1,0,0,0,1,0,0,0,1,1,0,0,0,0,0,0,Rn,,,,,Rd,,,,
534,FCVTAS,v,scalar_Single_precision_to_64_bit,Single_precision_to_64_bit,1,0,0,1,1,1,1,0,0,0,1,0,0,1,0,0,0,0,0,0,0,0,Rn,,,,,Rd,,,,
535,FCVTAU,v,scalar_Single_precision_to_64_bit,Single_precision_to_64_bit,1,0,0,1,1,1,1,0,0,0,1,0,0,1,0,1,0,0,0,0,0,0,Rn,,,,,Rd,,,,
536,FCVTPS,v,scalar_Single_precision_to_64_bit,Single_precision_to_64_bit,1,0,0,1,1,1,1,0,0,0,1,0,1,0,0,0,0,0,0,0,0,0,Rn,,,,,Rd,,,,
537,FCVTPU,v,scalar_Single_precision_to_64_bit,Single_precision_to_64_bit,1,0,0,1,1,1,1,0,0,0,1,0,1,0,0,1,0,0,0,0,0,0,Rn,,,,,Rd,,,,
538,FCVTMS,v,scalar_Single_precision_to_64_bit,Single_precision_to_64_bit,1,0,0,1,1,1,1,0,0,0,1,1,0,0,0,0,0,0,0,0,0,0,Rn,,,,,Rd,,,,
539,FCVTMU,v,scalar_Single_precision_to_64_bit,Single_precision_to_64_bit,1,0,0,1,1,1,1,0,0,0,1,1,0,0,0,1,0,0,0,0,0,0,Rn,,,,,Rd,,,,
540,FCVTZS,v,scalar_integer_Single_precision_to_64_bit,Single_precision_to_64_bit,1,0,0,1,1,1,1,0,0,0,1,1,1,0,0,0,0,0,0,0,0,0,Rn,,,,,Rd,,,,
541,FCVTZU,v,scalar_integer_Single_precision_to_64_bit,Single_precision_to_64_bit,1,0,0,1,1,1,1,0,0,0,1,1,1,0,0,1,0,0,0,0,0,0,Rn,,,,,Rd,,,,
542,FCVTNS,v,scalar_Double_precision_to_64_bit,Double_precision_to_64_bit,1,0,0,1,1,1,1,0,0,1,1,0,0,0,0,0,0,0,0,0,0,0,Rn,,,,,Rd,,,,
543,FCVTNU,v,scalar_Double_precision_to_64_bit,Double_precision_to_64_bit,1,0,0,1,1,1,1,0,0,1,1,0,0,0,0,1,0,0,0,0,0,0,Rn,,,,,Rd,,,,
544,SCVTF,v,scalar_integer_64_bit_to_double_precision,64_bit_to_double_precision,1,0,0,1,1,1,1,0,0,1,1,0,0,0,1,0,0,0,0,0,0,0,Rn,,,,,Rd,,,,
545,UCVTF,v,scalar_integer_64_bit_to_double_precision,64_bit_to_double_precision,1,0,0,1,1,1,1,0,0,1,1,0,0,0,1,1,0,0,0,0,0,0,Rn,,,,,Rd,,,,
546,FCVTAS,v,scalar_Double_precision_to_64_bit,Double_precision_to_64_bit,1,0,0,1,1,1,1,0,0,1,1,0,0,1,0,0,0,0,0,0,0,0,Rn,,,,,Rd,,,,
547,FCVTAU,v,scalar_Double_precision_to_64_bit,Double_precision_to_64_bit,1,0,0,1,1,1,1,0,0,1,1,0,0,1,0,1,0,0,0,0,0,0,Rn,,,,,Rd,,,,
548,FMOV,v,general_Double_precision_to_64_bit,Double_precision_to_64_bit,1,0,0,1,1,1,1,0,0,1,1,0,0,1,1,0,0,0,0,0,0,0,Rn,,,,,Rd,,,,
549,FMOV,v,general_64_bit_to_double_precision,64_bit_to_double_precision,1,0,0,1,1,1,1,0,0,1,1,0,0,1,1,1,0,0,0,0,0,0,Rn,,,,,Rd,,,,
550,FCVTPS,v,scalar_Double_precision_to_64_bit,Double_precision_to_64_bit,1,0,0,1,1,1,1,0,0,1,1,0,1,0,0,0,0,0,0,0,0,0,Rn,,,,,Rd,,,,
551,FCVTPU,v,scalar_Double_precision_to_64_bit,Double_precision_to_64_bit,1,0,0,1,1,1,1,0,0,1,1,0,1,0,0,1,0,0,0,0,0,0,Rn,,,,,Rd,,,,
552,FCVTMS,v,scalar_Double_precision_to_64_bit,Double_precision_to_64_bit,1,0,0,1,1,1,1,0,0,1,1,1,0,0,0,0,0,0,0,0,0,0,Rn,,,,,Rd,,,,
553,FCVTMU,v,scalar_Double_precision_to_64_bit,Double_precision_to_64_bit,1,0,0,1,1,1,1,0,0,1,1,1,0,0,0,1,0,0,0,0,0,0,Rn,,,,,Rd,,,,
554,FCVTZS,v,scalar_integer_Double_precision_to_64_bit,Double_precision_to_64_bit,1,0,0,1,1,1,1,0,0,1,1,1,1,0,0,0,0,0,0,0,0,0,Rn,,,,,Rd,,,,
555,FCVTZU,v,scalar_integer_Double_precision_to_64_bit,Double_precision_to_64_bit,1,0,0,1,1,1,1,0,0,1,1,1,1,0,0,1,0,0,0,0,0,0,Rn,,,,,Rd,,,,
556,FMOV,v,general_Top_half_of_128_bit_to_64_bit,Top_half_of_128_bit_to_64_bit,1,0,0,1,1,1,1,0,1,0,1,0,1,1,1,0,0,0,0,0,0,0,Rn,,,,,Rd,,,,
557,FMOV,v,general_64_bit_to_top_half_of_128_bit,64_bit_to_top_half_of_128_bit,1,0,0,1,1,1,1,0,1,0,1,0,1,1,1,1,0,0,0,0,0,0,Rn,,,,,Rd,,,,
559,FMADD,v,Single_precision,Single_precision,0,0,0,1,1,1,1,1,0,0,0,Rm,,,,,0,Ra,,,,,Rn,,,,,Rd,,,,
560,FMSUB,v,Single_precision,Single_precision,0,0,0,1,1,1,1,1,0,0,0,Rm,,,,,1,Ra,,,,,Rn,,,,,Rd,,,,
561,FNMADD,v,Single_precision,Single_precision,0,0,0,1,1,1,1,1,0,0,1,Rm,,,,,0,Ra,,,,,Rn,,,,,Rd,,,,
562,FNMSUB,v,Single_precision,Single_precision,0,0,0,1,1,1,1,1,0,0,1,Rm,,,,,1,Ra,,,,,Rn,,,,,Rd,,,,
563,FMADD,v,Double_precision,Double_precision,0,0,0,1,1,1,1,1,0,1,0,Rm,,,,,0,Ra,,,,,Rn,,,,,Rd,,,,
564,FMSUB,v,Double_precision,Double_precision,0,0,0,1,1,1,1,1,0,1,0,Rm,,,,,1,Ra,,,,,Rn,,,,,Rd,,,,
565,FNMADD,v,Double_precision,Double_precision,0,0,0,1,1,1,1,1,0,1,1,Rm,,,,,0,Ra,,,,,Rn,,,,,Rd,,,,
566,FNMSUB,v,Double_precision,Double_precision,0,0,0,1,1,1,1,1,0,1,1,Rm,,,,,1,Ra,,,,,Rn,,,,,Rd,,,,
568,SQADD,v,Scalar,Scalar,0,1,0,1,1,1,1,0,-,-,1,Rm,,,,,0,0,0,0,1,1,Rn,,,,,Rd,,,,
569,SQSUB,v,Scalar,Scalar,0,1,0,1,1,1,1,0,-,-,1,Rm,,,,,0,0,1,0,1,1,Rn,,,,,Rd,,,,
570,CMGT,v,register_Scalar,Scalar,0,1,0,1,1,1,1,0,-,-,1,Rm,,,,,0,0,1,1,0,1,Rn,,,,,Rd,,,,
571,CMGE,v,register_Scalar,Scalar,0,1,0,1,1,1,1,0,-,-,1,Rm,,,,,0,0,1,1,1,1,Rn,,,,,Rd,,,,
572,SSHL,v,Scalar,Scalar,0,1,0,1,1,1,1,0,-,-,1,Rm,,,,,0,1,0,0,0,1,Rn,,,,,Rd,,,,
573,SQSHL,v,register_Scalar,Scalar,0,1,0,1,1,1,1,0,-,-,1,Rm,,,,,0,1,0,0,1,1,Rn,,,,,Rd,,,,
574,SRSHL,v,Scalar,Scalar,0,1,0,1,1,1,1,0,-,-,1,Rm,,,,,0,1,0,1,0,1,Rn,,,,,Rd,,,,
575,SQRSHL,v,Scalar,Scalar,0,1,0,1,1,1,1,0,-,-,1,Rm,,,,,0,1,0,1,1,1,Rn,,,,,Rd,,,,
576,ADD,v,vector_Scalar,Scalar,0,1,0,1,1,1,1,0,-,-,1,Rm,,,,,1,0,0,0,0,1,Rn,,,,,Rd,,,,
577,CMTST,v,Scalar,Scalar,0,1,0,1,1,1,1,0,-,-,1,Rm,,,,,1,0,0,0,1,1,Rn,,,,,Rd,,,,
578,SQDMULH,v,vector_Scalar,Scalar,0,1,0,1,1,1,1,0,-,-,1,Rm,,,,,1,0,1,1,0,1,Rn,,,,,Rd,,,,
579,FMULX,v,Scalar,Scalar,0,1,0,1,1,1,1,0,0,-,1,Rm,,,,,1,1,0,1,1,1,Rn,,,,,Rd,,,,
580,FCMEQ,v,register_Scalar,Scalar,0,1,0,1,1,1,1,0,0,-,1,Rm,,,,,1,1,1,0,0,1,Rn,,,,,Rd,,,,
581,FRECPS,v,Scalar,Scalar,0,1,0,1,1,1,1,0,0,-,1,Rm,,,,,1,1,1,1,1,1,Rn,,,,,Rd,,,,
582,FRSQRTS,v,Scalar,Scalar,0,1,0,1,1,1,1,0,1,-,1,Rm,,,,,1,1,1,1,1,1,Rn,,,,,Rd,,,,
583,UQADD,v,Scalar,Scalar,0,1,1,1,1,1,1,0,-,-,1,Rm,,,,,0,0,0,0,1,1,Rn,,,,,Rd,,,,
584,UQSUB,v,Scalar,Scalar,0,1,1,1,1,1,1,0,-,-,1,Rm,,,,,0,0,1,0,1,1,Rn,,,,,Rd,,,,
585,CMHI,v,register_Scalar,Scalar,0,1,1,1,1,1,1,0,-,-,1,Rm,,,,,0,0,1,1,0,1,Rn,,,,,Rd,,,,
586,CMHS,v,register_Scalar,Scalar,0,1,1,1,1,1,1,0,-,-,1,Rm,,,,,0,0,1,1,1,1,Rn,,,,,Rd,,,,
587,USHL,v,Scalar,Scalar,0,1,1,1,1,1,1,0,-,-,1,Rm,,,,,0,1,0,0,0,1,Rn,,,,,Rd,,,,
588,UQSHL,v,register_Scalar,Scalar,0,1,1,1,1,1,1,0,-,-,1,Rm,,,,,0,1,0,0,1,1,Rn,,,,,Rd,,,,
589,URSHL,v,Scalar,Scalar,0,1,1,1,1,1,1,0,-,-,1,Rm,,,,,0,1,0,1,0,1,Rn,,,,,Rd,,,,
590,UQRSHL,v,Scalar,Scalar,0,1,1,1,1,1,1,0,-,-,1,Rm,,,,,0,1,0,1,1,1,Rn,,,,,Rd,,,,
591,SUB,v,vector_Scalar,Scalar,0,1,1,1,1,1,1,0,-,-,1,Rm,,,,,1,0,0,0,0,1,Rn,,,,,Rd,,,,
592,CMEQ,v,register_Scalar,Scalar,0,1,1,1,1,1,1,0,-,-,1,Rm,,,,,1,0,0,0,1,1,Rn,,,,,Rd,,,,
593,SQRDMULH,v,vector_Scalar,Scalar,0,1,1,1,1,1,1,0,-,-,1,Rm,,,,,1,0,1,1,0,1,Rn,,,,,Rd,,,,
594,FCMGE,v,register_Scalar,Scalar,0,1,1,1,1,1,1,0,0,-,1,Rm,,,,,1,1,1,0,0,1,Rn,,,,,Rd,,,,
595,FACGE,v,Scalar,Scalar,0,1,1,1,1,1,1,0,0,-,1,Rm,,,,,1,1,1,0,1,1,Rn,,,,,Rd,,,,
596,FABD,v,Scalar,Scalar,0,1,1,1,1,1,1,0,1,-,1,Rm,,,,,1,1,0,1,0,1,Rn,,,,,Rd,,,,
597,FCMGT,v,register_Scalar,Scalar,0,1,1,1,1,1,1,0,1,-,1,Rm,,,,,1,1,1,0,0,1,Rn,,,,,Rd,,,,
598,FACGT,v,Scalar,Scalar,0,1,1,1,1,1,1,0,1,-,1,Rm,,,,,1,1,1,0,1,1,Rn,,,,,Rd,,,,
600,SQDMLAL,v,vector_Scalar,Scalar,0,1,0,1,1,1,1,0,size,,1,Rm,,,,,1,0,0,1,0,0,Rn,,,,,Rd,,,,
601,SQDMLAL2,v,vector_Scalar,Scalar,0,1,0,1,1,1,1,0,size,,1,Rm,,,,,1,0,0,1,0,0,Rn,,,,,Rd,,,,
602,SQDMLSL,v,vector_Scalar,Scalar,0,1,0,1,1,1,1,0,size,,1,Rm,,,,,1,0,1,1,0,0,Rn,,,,,Rd,,,,
603,SQDMLSL2,v,vector_Scalar,Scalar,0,1,0,1,1,1,1,0,size,,1,Rm,,,,,1,0,1,1,0,0,Rn,,,,,Rd,,,,
604,SQDMULL,v,vector_Scalar,Scalar,0,1,0,1,1,1,1,0,size,,1,Rm,,,,,1,1,0,1,0,0,Rn,,,,,Rd,,,,
605,SQDMULL2,v,vector_Scalar,Scalar,0,1,0,1,1,1,1,0,size,,1,Rm,,,,,1,1,0,1,0,0,Rn,,,,,Rd,,,,
607,SUQADD,v,Scalar,Scalar,0,1,0,1,1,1,1,0,-,-,1,0,0,0,0,0,0,0,1,1,1,0,Rn,,,,,Rd,,,,
608,SQABS,v,Scalar,Scalar,0,1,0,1,1,1,1,0,-,-,1,0,0,0,0,0,0,1,1,1,1,0,Rn,,,,,Rd,,,,
609,CMGT,v,zero_Scalar,Scalar,0,1,0,1,1,1,1,0,-,-,1,0,0,0,0,0,1,0,0,0,1,0,Rn,,,,,Rd,,,,
610,CMEQ,v,zero_Scalar,Scalar,0,1,0,1,1,1,1,0,-,-,1,0,0,0,0,0,1,0,0,1,1,0,Rn,,,,,Rd,,,,
611,CMLT,v,zero_Scalar,Scalar,0,1,0,1,1,1,1,0,-,-,1,0,0,0,0,0,1,0,1,0,1,0,Rn,,,,,Rd,,,,
612,ABS,v,Scalar,Scalar,0,1,0,1,1,1,1,0,-,-,1,0,0,0,0,0,1,0,1,1,1,0,Rn,,,,,Rd,,,,
613,SQXTN,v,Scalar,Scalar,0,1,0,1,1,1,1,0,-,-,1,0,0,0,0,1,0,1,0,0,1,0,Rn,,,,,Rd,,,,
614,SQXTN2,v,Scalar,Scalar,0,1,0,1,1,1,1,0,-,-,1,0,0,0,0,1,0,1,0,0,1,0,Rn,,,,,Rd,,,,
615,FCVTNS,v,vector_Scalar,Scalar,0,1,0,1,1,1,1,0,0,-,1,0,0,0,0,1,1,0,1,0,1,0,Rn,,,,,Rd,,,,
616,FCVTMS,v,vector_Scalar,Scalar,0,1,0,1,1,1,1,0,0,-,1,0,0,0,0,1,1,0,1,1,1,0,Rn,,,,,Rd,,,,
617,FCVTAS,v,vector_Scalar,Scalar,0,1,0,1,1,1,1,0,0,-,1,0,0,0,0,1,1,1,0,0,1,0,Rn,,,,,Rd,,,,
618,SCVTF,v,vector_integer_Scalar,Scalar,0,1,0,1,1,1,1,0,0,-,1,0,0,0,0,1,1,1,0,1,1,0,Rn,,,,,Rd,,,,
619,FCMGT,v,zero_Scalar,Scalar,0,1,0,1,1,1,1,0,1,-,1,0,0,0,0,0,1,1,0,0,1,0,Rn,,,,,Rd,,,,
620,FCMEQ,v,zero_Scalar,Scalar,0,1,0,1,1,1,1,0,1,-,1,0,0,0,0,0,1,1,0,1,1,0,Rn,,,,,Rd,,,,
621,FCMLT,v,zero_Scalar,Scalar,0,1,0,1,1,1,1,0,1,-,1,0,0,0,0,0,1,1,1,0,1,0,Rn,,,,,Rd,,,,
622,FCVTPS,v,vector_Scalar,Scalar,0,1,0,1,1,1,1,0,1,-,1,0,0,0,0,1,1,0,1,0,1,0,Rn,,,,,Rd,,,,
623,FCVTZS,v,vector_integer_Scalar,Scalar,0,1,0,1,1,1,1,0,1,-,1,0,0,0,0,1,1,0,1,1,1,0,Rn,,,,,Rd,,,,
624,FRECPE,v,Scalar,Scalar,0,1,0,1,1,1,1,0,1,-,1,0,0,0,0,1,1,1,0,1,1,0,Rn,,,,,Rd,,,,
625,FRECPX,,,,0,1,0,1,1,1,1,0,1,-,1,0,0,0,0,1,1,1,1,1,1,0,Rn,,,,,Rd,,,,
626,USQADD,v,Scalar,Scalar,0,1,1,1,1,1,1,0,-,-,1,0,0,0,0,0,0,0,1,1,1,0,Rn,,,,,Rd,,,,
627,SQNEG,v,Scalar,Scalar,0,1,1,1,1,1,1,0,-,-,1,0,0,0,0,0,0,1,1,1,1,0,Rn,,,,,Rd,,,,
628,CMGE,v,zero_Scalar,Scalar,0,1,1,1,1,1,1,0,-,-,1,0,0,0,0,0,1,0,0,0,1,0,Rn,,,,,Rd,,,,
629,CMLE,v,zero_Scalar,Scalar,0,1,1,1,1,1,1,0,-,-,1,0,0,0,0,0,1,0,0,1,1,0,Rn,,,,,Rd,,,,
630,NEG,v,vector_Scalar,Scalar,0,1,1,1,1,1,1,0,-,-,1,0,0,0,0,0,1,0,1,1,1,0,Rn,,,,,Rd,,,,
631,SQXTUN,v,Scalar,Scalar,0,1,1,1,1,1,1,0,-,-,1,0,0,0,0,1,0,0,1,0,1,0,Rn,,,,,Rd,,,,
632,SQXTUN2,v,Scalar,Scalar,0,1,1,1,1,1,1,0,-,-,1,0,0,0,0,1,0,0,1,0,1,0,Rn,,,,,Rd,,,,
633,UQXTN,v,Scalar,Scalar,0,1,1,1,1,1,1,0,-,-,1,0,0,0,0,1,0,1,0,0,1,0,Rn,,,,,Rd,,,,
634,UQXTN2,v,Scalar,Scalar,0,1,1,1,1,1,1,0,-,-,1,0,0,0,0,1,0,1,0,0,1,0,Rn,,,,,Rd,,,,
635,FCVTXN,v,Scalar,Scalar,0,1,1,1,1,1,1,0,0,-,1,0,0,0,0,1,0,1,1,0,1,0,Rn,,,,,Rd,,,,
636,FCVTXN2,v,Scalar,Scalar,0,1,1,1,1,1,1,0,0,-,1,0,0,0,0,1,0,1,1,0,1,0,Rn,,,,,Rd,,,,
637,FCVTNU,v,vector_Scalar,Scalar,0,1,1,1,1,1,1,0,0,-,1,0,0,0,0,1,1,0,1,0,1,0,Rn,,,,,Rd,,,,
638,FCVTMU,v,vector_Scalar,Scalar,0,1,1,1,1,1,1,0,0,-,1,0,0,0,0,1,1,0,1,1,1,0,Rn,,,,,Rd,,,,
639,FCVTAU,v,vector_Scalar,Scalar,0,1,1,1,1,1,1,0,0,-,1,0,0,0,0,1,1,1,0,0,1,0,Rn,,,,,Rd,,,,
640,UCVTF,v,vector_integer_Scalar,Scalar,0,1,1,1,1,1,1,0,0,-,1,0,0,0,0,1,1,1,0,1,1,0,Rn,,,,,Rd,,,,
641,FCMGE,v,zero_Scalar,Scalar,0,1,1,1,1,1,1,0,1,-,1,0,0,0,0,0,1,1,0,0,1,0,Rn,,,,,Rd,,,,
642,FCMLE,v,zero_Scalar,Scalar,0,1,1,1,1,1,1,0,1,-,1,0,0,0,0,0,1,1,0,1,1,0,Rn,,,,,Rd,,,,
643,FCVTPU,v,vector_Scalar,Scalar,0,1,1,1,1,1,1,0,1,-,1,0,0,0,0,1,1,0,1,0,1,0,Rn,,,,,Rd,,,,
644,FCVTZU,v,vector_integer_Scalar,Scalar,0,1,1,1,1,1,1,0,1,-,1,0,0,0,0,1,1,0,1,1,1,0,Rn,,,,,Rd,,,,
645,FRSQRTE,v,Scalar,Scalar,0,1,1,1,1,1,1,0,1,-,1,0,0,0,0,1,1,1,0,1,1,0,Rn,,,,,Rd,,,,
647,ADDP,,scalar,,0,1,0,1,1,1,1,0,-,-,1,1,0,0,0,1,1,0,1,1,1,0,Rn,,,,,Rd,,,,
648,FMAXNMP,,scalar,,0,1,1,1,1,1,1,0,0,-,1,1,0,0,0,0,1,1,0,0,1,0,Rn,,,,,Rd,,,,
649,FADDP,,scalar,,0,1,1,1,1,1,1,0,0,-,1,1,0,0,0,0,1,1,0,1,1,0,Rn,,,,,Rd,,,,
650,FMAXP,,scalar,,0,1,1,1,1,1,1,0,0,-,1,1,0,0,0,0,1,1,1,1,1,0,Rn,,,,,Rd,,,,
651,FMINNMP,,scalar,,0,1,1,1,1,1,1,0,1,-,1,1,0,0,0,0,1,1,0,0,1,0,Rn,,,,,Rd,,,,
652,FMINP,,scalar,,0,1,1,1,1,1,1,0,1,-,1,1,0,0,0,0,1,1,1,1,1,0,Rn,,,,,Rd,,,,
654,DUP,v,element_Scalar,Scalar,0,1,0,1,1,1,1,0,0,0,0,-,-,-,-,-,0,0,0,0,0,1,Rn,,,,,Rd,,,,
656,SQDMLAL,v,by_element_Scalar,Scalar,0,1,0,1,1,1,1,1,-,-,L,M,Rm,,,,0,0,1,1,H,0,Rn,,,,,Rd,,,,
657,SQDMLAL2,v,by_element_Scalar,Scalar,0,1,0,1,1,1,1,1,-,-,L,M,Rm,,,,0,0,1,1,H,0,Rn,,,,,Rd,,,,
658,SQDMLSL,v,by_element_Scalar,Scalar,0,1,0,1,1,1,1,1,-,-,L,M,Rm,,,,0,1,1,1,H,0,Rn,,,,,Rd,,,,
659,SQDMLSL2,v,by_element_Scalar,Scalar,0,1,0,1,1,1,1,1,-,-,L,M,Rm,,,,0,1,1,1,H,0,Rn,,,,,Rd,,,,
660,SQDMULL,v,by_element_Scalar,Scalar,0,1,0,1,1,1,1,1,-,-,L,M,Rm,,,,1,0,1,1,H,0,Rn,,,,,Rd,,,,
661,SQDMULL2,v,by_element_Scalar,Scalar,0,1,0,1,1,1,1,1,-,-,L,M,Rm,,,,1,0,1,1,H,0,Rn,,,,,Rd,,,,
662,SQDMULH,v,by_element_Scalar,Scalar,0,1,0,1,1,1,1,1,-,-,L,M,Rm,,,,1,1,0,0,H,0,Rn,,,,,Rd,,,,
663,SQRDMULH,v,by_element_Scalar,Scalar,0,1,0,1,1,1,1,1,-,-,L,M,Rm,,,,1,1,0,1,H,0,Rn,,,,,Rd,,,,
664,FMLA,v,by_element_Scalar,Scalar,0,1,0,1,1,1,1,1,1,-,L,M,Rm,,,,0,0,0,1,H,0,Rn,,,,,Rd,,,,
665,FMLS,v,by_element_Scalar,Scalar,0,1,0,1,1,1,1,1,1,-,L,M,Rm,,,,0,1,0,1,H,0,Rn,,,,,Rd,,,,
666,FMUL,v,by_element_Scalar,Scalar,0,1,0,1,1,1,1,1,1,-,L,M,Rm,,,,1,0,0,1,H,0,Rn,,,,,Rd,,,,
667,FMULX,v,by_element_Scalar,Scalar,0,1,1,1,1,1,1,1,1,-,L,M,Rm,,,,1,0,0,1,H,0,Rn,,,,,Rd,,,,
669,SSHR,v,Scalar,Scalar,0,1,0,1,1,1,1,1,0,immh,,,,immb,,,0,0,0,0,0,1,Rn,,,,,Rd,,,,
670,SSRA,v,Scalar,Scalar,0,1,0,1,1,1,1,1,0,immh,,,,immb,,,0,0,0,1,0,1,Rn,,,,,Rd,,,,
671,SRSHR,v,Scalar,Scalar,0,1,0,1,1,1,1,1,0,immh,,,,immb,,,0,0,1,0,0,1,Rn,,,,,Rd,,,,
672,SRSRA,v,Scalar,Scalar,0,1,0,1,1,1,1,1,0,immh,,,,immb,,,0,0,1,1,0,1,Rn,,,,,Rd,,,,
673,SHL,v,Scalar,Scalar,0,1,0,1,1,1,1,1,0,immh,,,,immb,,,0,1,0,1,0,1,Rn,,,,,Rd,,,,
674,SQSHL,v,immediate_Scalar,Scalar,0,1,0,1,1,1,1,1,0,immh,,,,immb,,,0,1,1,1,0,1,Rn,,,,,Rd,,,,
675,SQSHRN,v,Scalar,Scalar,0,1,0,1,1,1,1,1,0,immh,,,,immb,,,1,0,0,1,0,1,Rn,,,,,Rd,,,,
676,SQSHRN2,v,Scalar,Scalar,0,1,0,1,1,1,1,1,0,immh,,,,immb,,,1,0,0,1,0,1,Rn,,,,,Rd,,,,
677,SQRSHRN,v,Scalar,Scalar,0,1,0,1,1,1,1,1,0,immh,,,,immb,,,1,0,0,1,1,1,Rn,,,,,Rd,,,,
678,SQRSHRN2,v,Scalar,Scalar,0,1,0,1,1,1,1,1,0,immh,,,,immb,,,1,0,0,1,1,1,Rn,,,,,Rd,,,,
679,SCVTF,v,vector_fixed_point_Scalar,Scalar,0,1,0,1,1,1,1,1,0,immh,,,,immb,,,1,1,1,0,0,1,Rn,,,,,Rd,,,,
680,FCVTZS,v,vector_fixed_point_Scalar,Scalar,0,1,0,1,1,1,1,1,0,immh,,,,immb,,,1,1,1,1,1,1,Rn,,,,,Rd,,,,
681,USHR,v,Scalar,Scalar,0,1,1,1,1,1,1,1,0,immh,,,,immb,,,0,0,0,0,0,1,Rn,,,,,Rd,,,,
682,USRA,v,Scalar,Scalar,0,1,1,1,1,1,1,1,0,immh,,,,immb,,,0,0,0,1,0,1,Rn,,,,,Rd,,,,
683,URSHR,v,Scalar,Scalar,0,1,1,1,1,1,1,1,0,immh,,,,immb,,,0,0,1,0,0,1,Rn,,,,,Rd,,,,
684,URSRA,v,Scalar,Scalar,0,1,1,1,1,1,1,1,0,immh,,,,immb,,,0,0,1,1,0,1,Rn,,,,,Rd,,,,
685,SRI,v,Scalar,Scalar,0,1,1,1,1,1,1,1,0,immh,,,,immb,,,0,1,0,0,0,1,Rn,,,,,Rd,,,,
686,SLI,v,Scalar,Scalar,0,1,1,1,1,1,1,1,0,immh,,,,immb,,,0,1,0,1,0,1,Rn,,,,,Rd,,,,
687,SQSHLU,v,Scalar,Scalar,0,1,1,1,1,1,1,1,0,immh,,,,immb,,,0,1,1,0,0,1,Rn,,,,,Rd,,,,
688,UQSHL,v,immediate_Scalar,Scalar,0,1,1,1,1,1,1,1,0,immh,,,,immb,,,0,1,1,1,0,1,Rn,,,,,Rd,,,,
689,SQSHRUN,v,Scalar,Scalar,0,1,1,1,1,1,1,1,0,immh,,,,immb,,,1,0,0,0,0,1,Rn,,,,,Rd,,,,
690,SQSHRUN2,v,Scalar,Scalar,0,1,1,1,1,1,1,1,0,immh,,,,immb,,,1,0,0,0,0,1,Rn,,,,,Rd,,,,
691,SQRSHRUN,v,Scalar,Scalar,0,1,1,1,1,1,1,1,0,immh,,,,immb,,,1,0,0,0,1,1,Rn,,,,,Rd,,,,
692,SQRSHRUN2,v,Scalar,Scalar,0,1,1,1,1,1,1,1,0,immh,,,,immb,,,1,0,0,0,1,1,Rn,,,,,Rd,,,,
693,UQSHRN,v,Scalar,Scalar,0,1,1,1,1,1,1,1,0,immh,,,,immb,,,1,0,0,1,0,1,Rn,,,,,Rd,,,,
694,UQRSHRN,v,Scalar,Scalar,0,1,1,1,1,1,1,1,0,immh,,,,immb,,,1,0,0,1,1,1,Rn,,,,,Rd,,,,
695,UQRSHRN2,v,Scalar,Scalar,0,1,1,1,1,1,1,1,0,immh,,,,immb,,,1,0,0,1,1,1,Rn,,,,,Rd,,,,
696,UCVTF,v,vector_fixed_point_Scalar,Scalar,0,1,1,1,1,1,1,1,0,immh,,,,immb,,,1,1,1,0,0,1,Rn,,,,,Rd,,,,
697,FCVTZU,v,vector_fixed_point_Scalar,Scalar,0,1,1,1,1,1,1,1,0,immh,,,,immb,,,1,1,1,1,1,1,Rn,,,,,Rd,,,,
699,SHA1C,,,,0,1,0,1,1,1,1,0,0,0,0,Rm,,,,,0,0,0,0,0,0,Rn,,,,,Rd,,,,
700,SHA1P,,,,0,1,0,1,1,1,1,0,0,0,0,Rm,,,,,0,0,0,1,0,0,Rn,,,,,Rd,,,,
701,SHA1M,,,,0,1,0,1,1,1,1,0,0,0,0,Rm,,,,,0,0,1,0,0,0,Rn,,,,,Rd,,,,
702,SHA1SU0,,,,0,1,0,1,1,1,1,0,0,0,0,Rm,,,,,0,0,1,1,0,0,Rn,,,,,Rd,,,,
703,SHA256H,,,,0,1,0,1,1,1,1,0,0,0,0,Rm,,,,,0,1,0,0,0,0,Rn,,,,,Rd,,,,
704,SHA256H2,,,,0,1,0,1,1,1,1,0,0,0,0,Rm,,,,,0,1,0,1,0,0,Rn,,,,,Rd,,,,
705,SHA256SU1,,,,0,1,0,1,1,1,1,0,0,0,0,Rm,,,,,0,1,1,0,0,0,Rn,,,,,Rd,,,,
707,SHA1H,,,,0,1,0,1,1,1,1,0,0,0,1,0,1,0,0,0,0,0,0,0,1,0,Rn,,,,,Rd,,,,
708,SHA1SU1,,,,0,1,0,1,1,1,1,0,0,0,1,0,1,0,0,0,0,0,0,1,1,0,Rn,,,,,Rd,,,,
709,SHA256SU0,,,,0,1,0,1,1,1,1,0,0,0,1,0,1,0,0,0,0,0,1,0,1,0,Rn,,,,,Rd,,,,
711,AESE,,,,0,1,0,0,1,1,1,0,0,0,1,0,1,0,0,0,0,1,0,0,1,0,Rn,,,,,Rd,,,,
712,AESD,,,,0,1,0,0,1,1,1,0,0,0,1,0,1,0,0,0,0,1,0,1,1,0,Rn,,,,,Rd,,,,
713,AESMC,,,,0,1,0,0,1,1,1,0,0,0,1,0,1,0,0,0,0,1,1,0,1,0,Rn,,,,,Rd,,,,
714,AESIMC,,,,0,1,0,0,1,1,1,0,0,0,1,0,1,0,0,0,0,1,1,1,1,0,Rn,,,,,Rd,,,,
716,SHADD,,,,0,Q,0,0,1,1,1,0,-,-,1,Rm,,,,,0,0,0,0,0,1,Rn,,,,,Rd,,,,
717,SQADD,v,Vector,Vector,0,Q,0,0,1,1,1,0,-,-,1,Rm,,,,,0,0,0,0,1,1,Rn,,,,,Rd,,,,
718,SRHADD,,,,0,Q,0,0,1,1,1,0,-,-,1,Rm,,,,,0,0,0,1,0,1,Rn,,,,,Rd,,,,
719,SHSUB,,,,0,Q,0,0,1,1,1,0,-,-,1,Rm,,,,,0,0,1,0,0,1,Rn,,,,,Rd,,,,
720,SQSUB,v,Vector,Vector,0,Q,0,0,1,1,1,0,-,-,1,Rm,,,,,0,0,1,0,1,1,Rn,,,,,Rd,,,,
721,CMGT,v,register_Vector,Vector,0,Q,0,0,1,1,1,0,-,-,1,Rm,,,,,0,0,1,1,0,1,Rn,,,,,Rd,,,,
722,CMGE,v,register_Vector,Vector,0,Q,0,0,1,1,1,0,-,-,1,Rm,,,,,0,0,1,1,1,1,Rn,,,,,Rd,,,,
723,SSHL Vector,,,,0,Q,0,0,1,1,1,0,-,-,1,Rm,,,,,0,1,0,0,0,1,Rn,,,,,Rd,,,,
724,SQSHL,v,register_Vector,Vector,0,Q,0,0,1,1,1,0,-,-,1,Rm,,,,,0,1,0,0,1,1,Rn,,,,,Rd,,,,
725,SRSHL,v,Vector,Vector,0,Q,0,0,1,1,1,0,-,-,1,Rm,,,,,0,1,0,1,0,1,Rn,,,,,Rd,,,,
726,SQRSHL,v,Vector,Vector,0,Q,0,0,1,1,1,0,-,-,1,Rm,,,,,0,1,0,1,1,1,Rn,,,,,Rd,,,,
727,SMAX,,,,0,Q,0,0,1,1,1,0,-,-,1,Rm,,,,,0,1,1,0,0,1,Rn,,,,,Rd,,,,
728,SMIN,,,,0,Q,0,0,1,1,1,0,-,-,1,Rm,,,,,0,1,1,0,1,1,Rn,,,,,Rd,,,,
729,SABD,,,,0,Q,0,0,1,1,1,0,-,-,1,Rm,,,,,0,1,1,1,0,1,Rn,,,,,Rd,,,,
730,SABA,,,,0,Q,0,0,1,1,1,0,-,-,1,Rm,,,,,0,1,1,1,1,1,Rn,,,,,Rd,,,,
731,ADD,v,vector_Vector,Vector,0,Q,0,0,1,1,1,0,-,-,1,Rm,,,,,1,0,0,0,0,1,Rn,,,,,Rd,,,,
732,CMTST,v,Vector,Vector,0,Q,0,0,1,1,1,0,-,-,1,Rm,,,,,1,0,0,0,1,1,Rn,,,,,Rd,,,,
733,MLA,,vector,,0,Q,0,0,1,1,1,0,-,-,1,Rm,,,,,1,0,0,1,0,1,Rn,,,,,Rd,,,,
734,MUL,,vector,,0,Q,0,0,1,1,1,0,-,-,1,Rm,,,,,1,0,0,1,1,1,Rn,,,,,Rd,,,,
735,SMAXP,,,,0,Q,0,0,1,1,1,0,-,-,1,Rm,,,,,1,0,1,0,0,1,Rn,,,,,Rd,,,,
736,SMINP,,,,0,Q,0,0,1,1,1,0,-,-,1,Rm,,,,,1,0,1,0,1,1,Rn,,,,,Rd,,,,
737,SQDMULH,v,vector_Vector,Vector,0,Q,0,0,1,1,1,0,-,-,1,Rm,,,,,1,0,1,1,0,1,Rn,,,,,Rd,,,,
738,ADDP,,vector,,0,Q,0,0,1,1,1,0,-,-,1,Rm,,,,,1,0,1,1,1,1,Rn,,,,,Rd,,,,
739,FMAXNM,,vector,,0,Q,0,0,1,1,1,0,0,-,1,Rm,,,,,1,1,0,0,0,1,Rn,,,,,Rd,,,,
740,FMLA,,vector,,0,Q,0,0,1,1,1,0,0,-,1,Rm,,,,,1,1,0,0,1,1,Rn,,,,,Rd,,,,
741,FADD,,vector,,0,Q,0,0,1,1,1,0,0,-,1,Rm,,,,,1,1,0,1,0,1,Rn,,,,,Rd,,,,
742,FMULX,v,Vector,Vector,0,Q,0,0,1,1,1,0,0,-,1,Rm,,,,,1,1,0,1,1,1,Rn,,,,,Rd,,,,
743,FCMEQ,v,register_Vector,Vector,0,Q,0,0,1,1,1,0,0,-,1,Rm,,,,,1,1,1,0,0,1,Rn,,,,,Rd,,,,
744,FMAX,,vector,,0,Q,0,0,1,1,1,0,0,-,1,Rm,,,,,1,1,1,1,0,1,Rn,,,,,Rd,,,,
745,FRECPS,v,Vector,Vector,0,Q,0,0,1,1,1,0,0,-,1,Rm,,,,,1,1,1,1,1,1,Rn,,,,,Rd,,,,
746,AND,,vector,,0,Q,0,0,1,1,1,0,0,0,1,Rm,,,,,0,0,0,1,1,1,Rn,,,,,Rd,,,,
747,BIC,,vector_register,,0,Q,0,0,1,1,1,0,0,1,1,Rm,,,,,0,0,0,1,1,1,Rn,,,,,Rd,,,,
748,FMINNM,,vector,,0,Q,0,0,1,1,1,0,1,-,1,Rm,,,,,1,1,0,0,0,1,Rn,,,,,Rd,,,,
749,FMLS,,vector,,0,Q,0,0,1,1,1,0,1,-,1,Rm,,,,,1,1,0,0,1,1,Rn,,,,,Rd,,,,
750,FSUB,,vector,,0,Q,0,0,1,1,1,0,1,-,1,Rm,,,,,1,1,0,1,0,1,Rn,,,,,Rd,,,,
751,FMIN,,vector,,0,Q,0,0,1,1,1,0,1,-,1,Rm,,,,,1,1,1,1,0,1,Rn,,,,,Rd,,,,
752,FRSQRTS,v,Vector,Vector,0,Q,0,0,1,1,1,0,1,-,1,Rm,,,,,1,1,1,1,1,1,Rn,,,,,Rd,,,,
753,ORR,,vector_register,,0,Q,0,0,1,1,1,0,1,0,1,Rm,,,,,0,0,0,1,1,1,Rn,,,,,Rd,,,,
754,ORN,,vector,,0,Q,0,0,1,1,1,0,1,1,1,Rm,,,,,0,0,0,1,1,1,Rn,,,,,Rd,,,,
755,UHADD,,,,0,Q,1,0,1,1,1,0,-,-,1,Rm,,,,,0,0,0,0,0,1,Rn,,,,,Rd,,,,
756,UQADD,v,Vector,Vector,0,Q,1,0,1,1,1,0,-,-,1,Rm,,,,,0,0,0,0,1,1,Rn,,,,,Rd,,,,
757,URHADD,,,,0,Q,1,0,1,1,1,0,-,-,1,Rm,,,,,0,0,0,1,0,1,Rn,,,,,Rd,,,,
758,UHSUB,,,,0,Q,1,0,1,1,1,0,-,-,1,Rm,,,,,0,0,1,0,0,1,Rn,,,,,Rd,,,,
759,UQSUB,v,Vector,Vector,0,Q,1,0,1,1,1,0,-,-,1,Rm,,,,,0,0,1,0,1,1,Rn,,,,,Rd,,,,
760,CMHI,v,register_Vector,Vector,0,Q,1,0,1,1,1,0,-,-,1,Rm,,,,,0,0,1,1,0,1,Rn,,,,,Rd,,,,
761,CMHS,v,register_Vector,Vector,0,Q,1,0,1,1,1,0,-,-,1,Rm,,,,,0,0,1,1,1,1,Rn,,,,,Rd,,,,
762,USHL,v,Vector,Vector,0,Q,1,0,1,1,1,0,-,-,1,Rm,,,,,0,1,0,0,0,1,Rn,,,,,Rd,,,,
763,UQSHL,v,register_Vector,Vector,0,Q,1,0,1,1,1,0,-,-,1,Rm,,,,,0,1,0,0,1,1,Rn,,,,,Rd,,,,
764,URSHL,v,Vector,Vector,0,Q,1,0,1,1,1,0,-,-,1,Rm,,,,,0,1,0,1,0,1,Rn,,,,,Rd,,,,
765,UQRSHL,v,Vector,Vector,0,Q,1,0,1,1,1,0,-,-,1,Rm,,,,,0,1,0,1,1,1,Rn,,,,,Rd,,,,
766,UMAX,,,,0,Q,1,0,1,1,1,0,-,-,1,Rm,,,,,0,1,1,0,0,1,Rn,,,,,Rd,,,,
767,UMIN,,,,0,Q,1,0,1,1,1,0,-,-,1,Rm,,,,,0,1,1,0,1,1,Rn,,,,,Rd,,,,
768,UABD,,,,0,Q,1,0,1,1,1,0,-,-,1,Rm,,,,,0,1,1,1,0,1,Rn,,,,,Rd,,,,
769,UABA,,,,0,Q,1,0,1,1,1,0,-,-,1,Rm,,,,,0,1,1,1,1,1,Rn,,,,,Rd,,,,
770,SUB,v,vector_Vector,Vector,0,Q,1,0,1,1,1,0,-,-,1,Rm,,,,,1,0,0,0,0,1,Rn,,,,,Rd,,,,
771,CMEQ,v,register_Vector,Vector,0,Q,1,0,1,1,1,0,-,-,1,Rm,,,,,1,0,0,0,1,1,Rn,,,,,Rd,,,,
772,MLS,,vector,,0,Q,1,0,1,1,1,0,-,-,1,Rm,,,,,1,0,0,1,0,1,Rn,,,,,Rd,,,,
773,PMUL,,,,0,Q,1,0,1,1,1,0,-,-,1,Rm,,,,,1,0,0,1,1,1,Rn,,,,,Rd,,,,
774,UMAXP,,,,0,Q,1,0,1,1,1,0,-,-,1,Rm,,,,,1,0,1,0,0,1,Rn,,,,,Rd,,,,
775,UMINP,,,,0,Q,1,0,1,1,1,0,-,-,1,Rm,,,,,1,0,1,0,1,1,Rn,,,,,Rd,,,,
776,SQRDMULH,v,vector_Vector,Vector,0,Q,1,0,1,1,1,0,-,-,1,Rm,,,,,1,0,1,1,0,1,Rn,,,,,Rd,,,,
777,FMAXNMP,,vector,,0,Q,1,0,1,1,1,0,0,-,1,Rm,,,,,1,1,0,0,0,1,Rn,,,,,Rd,,,,
778,FADDP,,vector,,0,Q,1,0,1,1,1,0,0,-,1,Rm,,,,,1,1,0,1,0,1,Rn,,,,,Rd,,,,
779,FMUL,,vector,,0,Q,1,0,1,1,1,0,0,-,1,Rm,,,,,1,1,0,1,1,1,Rn,,,,,Rd,,,,
780,FCMGE,v,register_Vector,Vector,0,Q,1,0,1,1,1,0,0,-,1,Rm,,,,,1,1,1,0,0,1,Rn,,,,,Rd,,,,
781,FACGE,v,Vector,Vector,0,Q,1,0,1,1,1,0,0,-,1,Rm,,,,,1,1,1,0,1,1,Rn,,,,,Rd,,,,
782,FMAXP,,vector,,0,Q,1,0,1,1,1,0,0,-,1,Rm,,,,,1,1,1,1,0,1,Rn,,,,,Rd,,,,
783,FDIV,,vector,,0,Q,1,0,1,1,1,0,0,-,1,Rm,,,,,1,1,1,1,1,1,Rn,,,,,Rd,,,,
784,EOR,,vector,,0,Q,1,0,1,1,1,0,0,0,1,Rm,,,,,0,0,0,1,1,1,Rn,,,,,Rd,,,,
785,BSL,,,,0,Q,1,0,1,1,1,0,0,1,1,Rm,,,,,0,0,0,1,1,1,Rn,,,,,Rd,,,,
786,FMINNMP,,vector,,0,Q,1,0,1,1,1,0,1,-,1,Rm,,,,,1,1,0,0,0,1,Rn,,,,,Rd,,,,
787,FABD,v,Vector,Vector,0,Q,1,0,1,1,1,0,1,-,1,Rm,,,,,1,1,0,1,0,1,Rn,,,,,Rd,,,,
788,FCMGT,v,register_Vector,Vector,0,Q,1,0,1,1,1,0,1,-,1,Rm,,,,,1,1,1,0,0,1,Rn,,,,,Rd,,,,
789,FACGT,v,Vector,Vector,0,Q,1,0,1,1,1,0,1,-,1,Rm,,,,,1,1,1,0,1,1,Rn,,,,,Rd,,,,
790,FMINP,,vector,,0,Q,1,0,1,1,1,0,1,-,1,Rm,,,,,1,1,1,1,0,1,Rn,,,,,Rd,,,,
791,BIT,,,,0,Q,1,0,1,1,1,0,1,0,1,Rm,,,,,0,0,0,1,1,1,Rn,,,,,Rd,,,,
792,BIF,,,,0,Q,1,0,1,1,1,0,1,1,1,Rm,,,,,0,0,0,1,1,1,Rn,,,,,Rd,,,,
794,SADDL,,,,0,0,0,0,1,1,1,0,size,,1,Rm,,,,,0,0,0,0,0,0,Rn,,,,,Rd,,,,
795,SADDL2,,,,0,1,0,0,1,1,1,0,size,,1,Rm,,,,,0,0,0,0,0,0,Rn,,,,,Rd,,,,
796,SADDW,,,,0,0,0,0,1,1,1,0,size,,1,Rm,,,,,0,0,0,1,0,0,Rn,,,,,Rd,,,,
797,SADDW2,,,,0,1,0,0,1,1,1,0,size,,1,Rm,,,,,0,0,0,1,0,0,Rn,,,,,Rd,,,,
798,SSUBL,,,,0,0,0,0,1,1,1,0,size,,1,Rm,,,,,0,0,1,0,0,0,Rn,,,,,Rd,,,,
799,SSUBL2,,,,0,1,0,0,1,1,1,0,size,,1,Rm,,,,,0,0,1,0,0,0,Rn,,,,,Rd,,,,
800,SSUBW,,,,0,0,0,0,1,1,1,0,size,,1,Rm,,,,,0,0,1,1,0,0,Rn,,,,,Rd,,,,
801,SSUBW2,,,,0,1,0,0,1,1,1,0,size,,1,Rm,,,,,0,0,1,1,0,0,Rn,,,,,Rd,,,,
802,ADDHN,,,,0,0,0,0,1,1,1,0,size,,1,Rm,,,,,0,1,0,0,0,0,Rn,,,,,Rd,,,,
803,ADDHN2,,,,0,1,0,0,1,1,1,0,size,,1,Rm,,,,,0,1,0,0,0,0,Rn,,,,,Rd,,,,
804,SABAL,,,,0,0,0,0,1,1,1,0,size,,1,Rm,,,,,0,1,0,1,0,0,Rn,,,,,Rd,,,,
805,SABAL2,,,,0,1,0,0,1,1,1,0,size,,1,Rm,,,,,0,1,0,1,0,0,Rn,,,,,Rd,,,,
806,SUBHN,,,,0,0,0,0,1,1,1,0,size,,1,Rm,,,,,0,1,1,0,0,0,Rn,,,,,Rd,,,,
807,SUBHN2,,,,0,1,0,0,1,1,1,0,size,,1,Rm,,,,,0,1,1,0,0,0,Rn,,,,,Rd,,,,
808,SABDL,,,,0,0,0,0,1,1,1,0,size,,1,Rm,,,,,0,1,1,1,0,0,Rn,,,,,Rd,,,,
809,SABDL2,,,,0,1,0,0,1,1,1,0,size,,1,Rm,,,,,0,1,1,1,0,0,Rn,,,,,Rd,,,,
810,SMLAL,,vector,,0,0,0,0,1,1,1,0,size,,1,Rm,,,,,1,0,0,0,0,0,Rn,,,,,Rd,,,,
811,SMLAL2,,vector,,0,1,0,0,1,1,1,0,size,,1,Rm,,,,,1,0,0,0,0,0,Rn,,,,,Rd,,,,
812,SQDMLAL,v,vector_Vector,Vector,0,0,0,0,1,1,1,0,size,,1,Rm,,,,,1,0,0,1,0,0,Rn,,,,,Rd,,,,
813,SQDMLAL2,v,vector_Vector,Vector,0,1,0,0,1,1,1,0,size,,1,Rm,,,,,1,0,0,1,0,0,Rn,,,,,Rd,,,,
814,SMLSL,,vector,,0,0,0,0,1,1,1,0,size,,1,Rm,,,,,1,0,1,0,0,0,Rn,,,,,Rd,,,,
815,SMLSL2,,vector,,0,1,0,0,1,1,1,0,size,,1,Rm,,,,,1,0,1,0,0,0,Rn,,,,,Rd,,,,
816,SQDMLSL,v,vector_Vector,Vector,0,0,0,0,1,1,1,0,size,,1,Rm,,,,,1,0,1,1,0,0,Rn,,,,,Rd,,,,
817,SQDMLSL2,v,vector_Vector,Vector,0,1,0,0,1,1,1,0,size,,1,Rm,,,,,1,0,1,1,0,0,Rn,,,,,Rd,,,,
818,SMULL,,vector,,0,0,0,0,1,1,1,0,size,,1,Rm,,,,,1,1,0,0,0,0,Rn,,,,,Rd,,,,
819,SMULL2,,vector,,0,1,0,0,1,1,1,0,size,,1,Rm,,,,,1,1,0,0,0,0,Rn,,,,,Rd,,,,
820,SQDMULL,v,vector_Vector,Vector,0,0,0,0,1,1,1,0,size,,1,Rm,,,,,1,1,0,1,0,0,Rn,,,,,Rd,,,,
821,SQDMULL2,v,vector_Vector,Vector,0,1,0,0,1,1,1,0,size,,1,Rm,,,,,1,1,0,1,0,0,Rn,,,,,Rd,,,,
822,PMULL,,,,0,0,0,0,1,1,1,0,size,,1,Rm,,,,,1,1,1,0,0,0,Rn,,,,,Rd,,,,
823,PMULL2,,,,0,1,0,0,1,1,1,0,size,,1,Rm,,,,,1,1,1,0,0,0,Rn,,,,,Rd,,,,
824,UADDL,,,,0,0,1,0,1,1,1,0,size,,1,Rm,,,,,0,0,0,0,0,0,Rn,,,,,Rd,,,,
825,UADDL2,,,,0,1,1,0,1,1,1,0,size,,1,Rm,,,,,0,0,0,0,0,0,Rn,,,,,Rd,,,,
826,UADDW,,,,0,0,1,0,1,1,1,0,size,,1,Rm,,,,,0,0,0,1,0,0,Rn,,,,,Rd,,,,
827,UADDW2,,,,0,1,1,0,1,1,1,0,size,,1,Rm,,,,,0,0,0,1,0,0,Rn,,,,,Rd,,,,
828,USUBL,,,,0,0,1,0,1,1,1,0,size,,1,Rm,,,,,0,0,1,0,0,0,Rn,,,,,Rd,,,,
829,USUBL2,,,,0,1,1,0,1,1,1,0,size,,1,Rm,,,,,0,0,1,0,0,0,Rn,,,,,Rd,,,,
830,USUBW,,,,0,0,1,0,1,1,1,0,size,,1,Rm,,,,,0,0,1,1,0,0,Rn,,,,,Rd,,,,
831,USUBW2,,,,0,1,1,0,1,1,1,0,size,,1,Rm,,,,,0,0,1,1,0,0,Rn,,,,,Rd,,,,
832,RADDHN,,,,0,0,1,0,1,1,1,0,size,,1,Rm,,,,,0,1,0,0,0,0,Rn,,,,,Rd,,,,
833,RADDHN2,,,,0,1,1,0,1,1,1,0,size,,1,Rm,,,,,0,1,0,0,0,0,Rn,,,,,Rd,,,,
834,UABAL,,,,0,0,1,0,1,1,1,0,size,,1,Rm,,,,,0,1,0,1,0,0,Rn,,,,,Rd,,,,
835,UABAL2,,,,0,1,1,0,1,1,1,0,size,,1,Rm,,,,,0,1,0,1,0,0,Rn,,,,,Rd,,,,
836,RSUBHN,,,,0,0,1,0,1,1,1,0,size,,1,Rm,,,,,0,1,1,0,0,0,Rn,,,,,Rd,,,,
837,RSUBHN2,,,,0,1,1,0,1,1,1,0,size,,1,Rm,,,,,0,1,1,0,0,0,Rn,,,,,Rd,,,,
838,UABDL,,,,0,0,1,0,1,1,1,0,size,,1,Rm,,,,,0,1,1,1,0,0,Rn,,,,,Rd,,,,
839,UABDL2,,,,0,1,1,0,1,1,1,0,size,,1,Rm,,,,,0,1,1,1,0,0,Rn,,,,,Rd,,,,
840,UMLAL,,vector,,0,0,1,0,1,1,1,0,size,,1,Rm,,,,,1,0,0,0,0,0,Rn,,,,,Rd,,,,
841,UMLAL2,,vector,,0,1,1,0,1,1,1,0,size,,1,Rm,,,,,1,0,0,0,0,0,Rn,,,,,Rd,,,,
842,UMLSL,,vector,,0,0,1,0,1,1,1,0,size,,1,Rm,,,,,1,0,1,0,0,0,Rn,,,,,Rd,,,,
843,UMLSL2,,vector,,0,1,1,0,1,1,1,0,size,,1,Rm,,,,,1,0,1,0,0,0,Rn,,,,,Rd,,,,
844,UMULL,,vector,,0,0,1,0,1,1,1,0,size,,1,Rm,,,,,1,1,0,0,0,0,Rn,,,,,Rd,,,,
845,UMULL2,,vector,,0,1,1,0,1,1,1,0,size,,1,Rm,,,,,1,1,0,0,0,0,Rn,,,,,Rd,,,,
847,REV64,,,,0,Q,0,0,1,1,1,0,-,-,1,0,0,0,0,0,0,0,0,0,1,0,Rn,,,,,Rd,,,,
848,REV16,,vector,,0,Q,0,0,1,1,1,0,-,-,1,0,0,0,0,0,0,0,0,1,1,0,Rn,,,,,Rd,,,,
849,SADDLP,,,,0,Q,0,0,1,1,1,0,-,-,1,0,0,0,0,0,0,0,1,0,1,0,Rn,,,,,Rd,,,,
850,SUQADD,v,Vector,Vector,0,Q,0,0,1,1,1,0,-,-,1,0,0,0,0,0,0,0,1,1,1,0,Rn,,,,,Rd,,,,
851,CLS,,vector,,0,Q,0,0,1,1,1,0,-,-,1,0,0,0,0,0,0,1,0,0,1,0,Rn,,,,,Rd,,,,
852,CNT,,,,0,Q,0,0,1,1,1,0,-,-,1,0,0,0,0,0,0,1,0,1,1,0,Rn,,,,,Rd,,,,
853,SADALP,,,,0,Q,0,0,1,1,1,0,-,-,1,0,0,0,0,0,0,1,1,0,1,0,Rn,,,,,Rd,,,,
854,SQABS,v,Vector,Vector,0,Q,0,0,1,1,1,0,-,-,1,0,0,0,0,0,0,1,1,1,1,0,Rn,,,,,Rd,,,,
855,CMGT,v,zero_Vector,Vector,0,Q,0,0,1,1,1,0,-,-,1,0,0,0,0,0,1,0,0,0,1,0,Rn,,,,,Rd,,,,
856,CMEQ,v,zero_Vector,Vector,0,Q,0,0,1,1,1,0,-,-,1,0,0,0,0,0,1,0,0,1,1,0,Rn,,,,,Rd,,,,
857,CMLT,v,zero_Vector,Vector,0,Q,0,0,1,1,1,0,-,-,1,0,0,0,0,0,1,0,1,0,1,0,Rn,,,,,Rd,,,,
858,ABS,v,Vector,Vector,0,Q,0,0,1,1,1,0,-,-,1,0,0,0,0,0,1,0,1,1,1,0,Rn,,,,,Rd,,,,
859,XTN,,,,0,Q,0,0,1,1,1,0,-,-,1,0,0,0,0,1,0,0,1,0,1,0,Rn,,,,,Rd,,,,
860,XTN2,,,,0,Q,0,0,1,1,1,0,-,-,1,0,0,0,0,1,0,0,1,0,1,0,Rn,,,,,Rd,,,,
861,SQXTN,v,Vector,Vector,0,Q,0,0,1,1,1,0,-,-,1,0,0,0,0,1,0,1,0,0,1,0,Rn,,,,,Rd,,,,
862,SQXTN2,v,Vector,Vector,0,Q,0,0,1,1,1,0,-,-,1,0,0,0,0,1,0,1,0,0,1,0,Rn,,,,,Rd,,,,
863,FCVTN,,,,0,Q,0,0,1,1,1,0,0,-,1,0,0,0,0,1,0,1,1,0,1,0,Rn,,,,,Rd,,,,
864,FCVTN2,,,,0,Q,0,0,1,1,1,0,0,-,1,0,0,0,0,1,0,1,1,0,1,0,Rn,,,,,Rd,,,,
865,FCVTL,,,,0,Q,0,0,1,1,1,0,0,-,1,0,0,0,0,1,0,1,1,1,1,0,Rn,,,,,Rd,,,,
866,FCVTL2,,,,0,Q,0,0,1,1,1,0,0,-,1,0,0,0,0,1,0,1,1,1,1,0,Rn,,,,,Rd,,,,
867,FRINTN,,vector,,0,Q,0,0,1,1,1,0,0,-,1,0,0,0,0,1,1,0,0,0,1,0,Rn,,,,,Rd,,,,
868,FRINTM,,vector,,0,Q,0,0,1,1,1,0,0,-,1,0,0,0,0,1,1,0,0,1,1,0,Rn,,,,,Rd,,,,
869,FCVTNS,v,vector_Vector,Vector,0,Q,0,0,1,1,1,0,0,-,1,0,0,0,0,1,1,0,1,0,1,0,Rn,,,,,Rd,,,,
870,FCVTMS,v,vector_Vector,Vector,0,Q,0,0,1,1,1,0,0,-,1,0,0,0,0,1,1,0,1,1,1,0,Rn,,,,,Rd,,,,
871,FCVTAS,v,vector_Vector,Vector,0,Q,0,0,1,1,1,0,0,-,1,0,0,0,0,1,1,1,0,0,1,0,Rn,,,,,Rd,,,,
872,SCVTF,v,vector_integer_Vector,Vector,0,Q,0,0,1,1,1,0,0,-,1,0,0,0,0,1,1,1,0,1,1,0,Rn,,,,,Rd,,,,
873,FCMGT,v,zero_Vector,Vector,0,Q,0,0,1,1,1,0,1,-,1,0,0,0,0,0,1,1,0,0,1,0,Rn,,,,,Rd,,,,
874,FCMEQ,v,zero_Vector,Vector,0,Q,0,0,1,1,1,0,1,-,1,0,0,0,0,0,1,1,0,1,1,0,Rn,,,,,Rd,,,,
875,FCMLT,v,zero_Vector,Vector,0,Q,0,0,1,1,1,0,1,-,1,0,0,0,0,0,1,1,1,0,1,0,Rn,,,,,Rd,,,,
876,FABS,,vector,,0,Q,0,0,1,1,1,0,1,-,1,0,0,0,0,0,1,1,1,1,1,0,Rn,,,,,Rd,,,,
877,FRINTP,,vector,,0,Q,0,0,1,1,1,0,1,-,1,0,0,0,0,1,1,0,0,0,1,0,Rn,,,,,Rd,,,,
878,FRINTZ,,vector,,0,Q,0,0,1,1,1,0,1,-,1,0,0,0,0,1,1,0,0,1,1,0,Rn,,,,,Rd,,,,
879,FCVTPS,v,vector_Vector,Vector,0,Q,0,0,1,1,1,0,1,-,1,0,0,0,0,1,1,0,1,0,1,0,Rn,,,,,Rd,,,,
880,FCVTZS,v,vector_integer_Vector,Vector,0,Q,0,0,1,1,1,0,1,-,1,0,0,0,0,1,1,0,1,1,1,0,Rn,,,,,Rd,,,,
881,URECPE,,,,0,Q,0,0,1,1,1,0,1,-,1,0,0,0,0,1,1,1,0,0,1,0,Rn,,,,,Rd,,,,
882,FRECPE,v,Vector,Vector,0,Q,0,0,1,1,1,0,1,-,1,0,0,0,0,1,1,1,0,1,1,0,Rn,,,,,Rd,,,,
883,REV32,,vector,,0,Q,1,0,1,1,1,0,-,-,1,0,0,0,0,0,0,0,0,0,1,0,Rn,,,,,Rd,,,,
884,UADDLP,,,,0,Q,1,0,1,1,1,0,-,-,1,0,0,0,0,0,0,0,1,0,1,0,Rn,,,,,Rd,,,,
885,USQADD,v,Vector,Vector,0,Q,1,0,1,1,1,0,-,-,1,0,0,0,0,0,0,0,1,1,1,0,Rn,,,,,Rd,,,,
886,CLZ,,vector,,0,Q,1,0,1,1,1,0,-,-,1,0,0,0,0,0,0,1,0,0,1,0,Rn,,,,,Rd,,,,
887,UADALP,,,,0,Q,1,0,1,1,1,0,-,-,1,0,0,0,0,0,0,1,1,0,1,0,Rn,,,,,Rd,,,,
888,SQNEG,v,Vector,Vector,0,Q,1,0,1,1,1,0,-,-,1,0,0,0,0,0,0,1,1,1,1,0,Rn,,,,,Rd,,,,
889,CMGE,v,zero_Vector,Vector,0,Q,1,0,1,1,1,0,-,-,1,0,0,0,0,0,1,0,0,0,1,0,Rn,,,,,Rd,,,,
890,CMLE,v,zero_Vector,Vector,0,Q,1,0,1,1,1,0,-,-,1,0,0,0,0,0,1,0,0,1,1,0,Rn,,,,,Rd,,,,
891,NEG,v,vector_Vector,Vector,0,Q,1,0,1,1,1,0,-,-,1,0,0,0,0,0,1,0,1,1,1,0,Rn,,,,,Rd,,,,
892,SQXTUN,v,Vector,Vector,0,Q,1,0,1,1,1,0,-,-,1,0,0,0,0,1,0,0,1,0,1,0,Rn,,,,,Rd,,,,
893,SQXTUN2,v,Vector,Vector,0,Q,1,0,1,1,1,0,-,-,1,0,0,0,0,1,0,0,1,0,1,0,Rn,,,,,Rd,,,,
894,SHLL,,,,0,Q,1,0,1,1,1,0,-,-,1,0,0,0,0,1,0,0,1,1,1,0,Rn,,,,,Rd,,,,
895,SHLL2,,,,0,Q,1,0,1,1,1,0,-,-,1,0,0,0,0,1,0,0,1,1,1,0,Rn,,,,,Rd,,,,
896,UQXTN,v,Vector,Vector,0,Q,1,0,1,1,1,0,-,-,1,0,0,0,0,1,0,1,0,0,1,0,Rn,,,,,Rd,,,,
897,UQXTN2,v,Vector,Vector,0,Q,1,0,1,1,1,0,-,-,1,0,0,0,0,1,0,1,0,0,1,0,Rn,,,,,Rd,,,,
898,FCVTXN,v,Vector,Vector,0,Q,1,0,1,1,1,0,0,-,1,0,0,0,0,1,0,1,1,0,1,0,Rn,,,,,Rd,,,,
899,FCVTXN2,v,Vector,Vector,0,Q,1,0,1,1,1,0,0,-,1,0,0,0,0,1,0,1,1,0,1,0,Rn,,,,,Rd,,,,
900,FRINTA,,vector,,0,Q,1,0,1,1,1,0,0,-,1,0,0,0,0,1,1,0,0,0,1,0,Rn,,,,,Rd,,,,
901,FRINTX,,vector,,0,Q,1,0,1,1,1,0,0,-,1,0,0,0,0,1,1,0,0,1,1,0,Rn,,,,,Rd,,,,
902,FCVTNU,v,vector_Vector,Vector,0,Q,1,0,1,1,1,0,0,-,1,0,0,0,0,1,1,0,1,0,1,0,Rn,,,,,Rd,,,,
903,FCVTMU,v,vector_Vector,Vector,0,Q,1,0,1,1,1,0,0,-,1,0,0,0,0,1,1,0,1,1,1,0,Rn,,,,,Rd,,,,
904,FCVTAU,v,vector_Vector,Vector,0,Q,1,0,1,1,1,0,0,-,1,0,0,0,0,1,1,1,0,0,1,0,Rn,,,,,Rd,,,,
905,UCVTF,v,vector_integer_Vector,Vector,0,Q,1,0,1,1,1,0,0,-,1,0,0,0,0,1,1,1,0,1,1,0,Rn,,,,,Rd,,,,
906,NOT,,,,0,Q,1,0,1,1,1,0,0,0,1,0,0,0,0,0,0,1,0,1,1,0,Rn,,,,,Rd,,,,
907,RBIT,,vector,,0,Q,1,0,1,1,1,0,0,1,1,0,0,0,0,0,0,1,0,1,1,0,Rn,,,,,Rd,,,,
908,FCMGE,v,zero_Vector,Vector,0,Q,1,0,1,1,1,0,1,-,1,0,0,0,0,0,1,1,0,0,1,0,Rn,,,,,Rd,,,,
909,FCMLE,v,zero_Vector,Vector,0,Q,1,0,1,1,1,0,1,-,1,0,0,0,0,0,1,1,0,1,1,0,Rn,,,,,Rd,,,,
910,FNEG,,vector,,0,Q,1,0,1,1,1,0,1,-,1,0,0,0,0,0,1,1,1,1,1,0,Rn,,,,,Rd,,,,
911,FRINTI,,vector,,0,Q,1,0,1,1,1,0,1,-,1,0,0,0,0,1,1,0,0,1,1,0,Rn,,,,,Rd,,,,
912,FCVTPU,v,vector_Vector,Vector,0,Q,1,0,1,1,1,0,1,-,1,0,0,0,0,1,1,0,1,0,1,0,Rn,,,,,Rd,,,,
913,FCVTZU,v,vector_integer_Vector,Vector,0,Q,1,0,1,1,1,0,1,-,1,0,0,0,0,1,1,0,1,1,1,0,Rn,,,,,Rd,,,,
914,URSQRTE,,,,0,Q,1,0,1,1,1,0,1,-,1,0,0,0,0,1,1,1,0,0,1,0,Rn,,,,,Rd,,,,
915,FRSQRTE,v,Vector,Vector,0,Q,1,0,1,1,1,0,1,-,1,0,0,0,0,1,1,1,0,1,1,0,Rn,,,,,Rd,,,,
916,FSQRT,,vector,,0,Q,1,0,1,1,1,0,1,-,1,0,0,0,0,1,1,1,1,1,1,0,Rn,,,,,Rd,,,,
918,SADDLV,,,,0,Q,0,0,1,1,1,0,-,-,1,1,0,0,0,0,0,0,1,1,1,0,Rn,,,,,Rd,,,,
919,SMAXV,,,,0,Q,0,0,1,1,1,0,-,-,1,1,0,0,0,0,1,0,1,0,1,0,Rn,,,,,Rd,,,,
920,SMINV,,,,0,Q,0,0,1,1,1,0,-,-,1,1,0,0,0,1,1,0,1,0,1,0,Rn,,,,,Rd,,,,
921,ADDV,,,,0,Q,0,0,1,1,1,0,-,-,1,1,0,0,0,1,1,0,1,1,1,0,Rn,,,,,Rd,,,,
922,UADDLV,,,,0,Q,1,0,1,1,1,0,-,-,1,1,0,0,0,0,0,0,1,1,1,0,Rn,,,,,Rd,,,,
923,UMAXV,,,,0,Q,1,0,1,1,1,0,-,-,1,1,0,0,0,0,1,0,1,0,1,0,Rn,,,,,Rd,,,,
924,UMINV,,,,0,Q,1,0,1,1,1,0,-,-,1,1,0,0,0,1,1,0,1,0,1,0,Rn,,,,,Rd,,,,
925,FMAXNMV,,,,0,Q,1,0,1,1,1,0,0,-,1,1,0,0,0,0,1,1,0,0,1,0,Rn,,,,,Rd,,,,
926,FMAXV,,,,0,Q,1,0,1,1,1,0,0,-,1,1,0,0,0,0,1,1,1,1,1,0,Rn,,,,,Rd,,,,
927,FMINNMV,,,,0,Q,1,0,1,1,1,0,1,-,1,1,0,0,0,0,1,1,0,0,1,0,Rn,,,,,Rd,,,,
928,FMINV,,,,0,Q,1,0,1,1,1,0,1,-,1,1,0,0,0,0,1,1,1,1,1,0,Rn,,,,,Rd,,,,
930,DUP,v,element_Vector,Vector,0,-,0,0,1,1,1,0,0,0,0,-,-,-,-,-,0,0,0,0,0,1,Rn,,,,,Rd,,,,
931,DUP,,general,,0,-,0,0,1,1,1,0,0,0,0,-,-,-,-,-,0,0,0,0,1,1,Rn,,,,,Rd,,,,
932,SMOV,v,32_bit,32_bit,0,0,0,0,1,1,1,0,0,0,0,-,-,-,-,-,0,0,1,0,1,1,Rn,,,,,Rd,,,,
933,UMOV,v,32_bit,32_bit,0,0,0,0,1,1,1,0,0,0,0,-,-,-,-,-,0,0,1,1,1,1,Rn,,,,,Rd,,,,
934,INS,,general,,0,1,0,0,1,1,1,0,0,0,0,-,-,-,-,-,0,0,0,1,1,1,Rn,,,,,Rd,,,,
935,SMOV,v,64_bit,64_bit,0,1,0,0,1,1,1,0,0,0,0,-,-,-,-,-,0,0,1,0,1,1,Rn,,,,,Rd,,,,
936,UMOV,v,64_bit,64_bit,0,1,0,0,1,1,1,0,0,0,0,-,-,-,-,-,0,0,1,1,1,1,Rn,,,,,Rd,,,,
937,INS,,element,,0,1,1,0,1,1,1,0,0,0,0,-,-,-,-,-,0,-,-,-,-,1,Rn,,,,,Rd,,,,
939,SMLAL,,by_element,,0,Q,0,0,1,1,1,1,-,-,L,M,Rm,,,,0,0,1,0,H,0,Rn,,,,,Rd,,,,
940,SMLAL2,,by_element,,0,Q,0,0,1,1,1,1,-,-,L,M,Rm,,,,0,0,1,0,H,0,Rn,,,,,Rd,,,,
941,SQDMLAL,v,by_element_Vector,Vector,0,Q,0,0,1,1,1,1,-,-,L,M,Rm,,,,0,0,1,1,H,0,Rn,,,,,Rd,,,,
942,SQDMLAL2,v,by_element_Vector,Vector,0,Q,0,0,1,1,1,1,-,-,L,M,Rm,,,,0,0,1,1,H,0,Rn,,,,,Rd,,,,
943,SMLSL,,by_element,,0,Q,0,0,1,1,1,1,-,-,L,M,Rm,,,,0,1,1,0,H,0,Rn,,,,,Rd,,,,
944,SMLSL2,,by_element,,0,Q,0,0,1,1,1,1,-,-,L,M,Rm,,,,0,1,1,0,H,0,Rn,,,,,Rd,,,,
945,SQDMLSL,v,by_element_Vector,Vector,0,Q,0,0,1,1,1,1,-,-,L,M,Rm,,,,0,1,1,1,H,0,Rn,,,,,Rd,,,,
946,SQDMLSL2,v,by_element_Vector,Vector,0,Q,0,0,1,1,1,1,-,-,L,M,Rm,,,,0,1,1,1,H,0,Rn,,,,,Rd,,,,
947,MUL,,by_element,,0,Q,0,0,1,1,1,1,-,-,L,M,Rm,,,,1,0,0,0,H,0,Rn,,,,,Rd,,,,
948,SMULL,,by_element,,0,Q,0,0,1,1,1,1,-,-,L,M,Rm,,,,1,0,1,0,H,0,Rn,,,,,Rd,,,,
949,SMULL2,,by_element,,0,Q,0,0,1,1,1,1,-,-,L,M,Rm,,,,1,0,1,0,H,0,Rn,,,,,Rd,,,,
950,SQDMULL,v,by_element_Vector,Vector,0,Q,0,0,1,1,1,1,-,-,L,M,Rm,,,,1,0,1,1,H,0,Rn,,,,,Rd,,,,
951,SQDMULL2,v,by_element_Vector,Vector,0,Q,0,0,1,1,1,1,-,-,L,M,Rm,,,,1,0,1,1,H,0,Rn,,,,,Rd,,,,
952,SQDMULH,v,by_element_Vector,Vector,0,Q,0,0,1,1,1,1,-,-,L,M,Rm,,,,1,1,0,0,H,0,Rn,,,,,Rd,,,,
953,SQRDMULH,v,by_element_Vector,Vector,0,Q,0,0,1,1,1,1,-,-,L,M,Rm,,,,1,1,0,1,H,0,Rn,,,,,Rd,,,,
954,FMLA,v,by_element_Vector,Vector,0,Q,0,0,1,1,1,1,1,-,L,M,Rm,,,,0,0,0,1,H,0,Rn,,,,,Rd,,,,
955,FMLS,v,by_element_Vector,Vector,0,Q,0,0,1,1,1,1,1,-,L,M,Rm,,,,0,1,0,1,H,0,Rn,,,,,Rd,,,,
956,FMUL,v,by_element_Vector,Vector,0,Q,0,0,1,1,1,1,1,-,L,M,Rm,,,,1,0,0,1,H,0,Rn,,,,,Rd,,,,
957,MLA,,by_element,,0,Q,1,0,1,1,1,1,-,-,L,M,Rm,,,,0,0,0,0,H,0,Rn,,,,,Rd,,,,
958,UMLAL,,by_element,,0,Q,1,0,1,1,1,1,-,-,L,M,Rm,,,,0,0,1,0,H,0,Rn,,,,,Rd,,,,
959,UMLAL2,,by_element,,0,Q,1,0,1,1,1,1,-,-,L,M,Rm,,,,0,0,1,0,H,0,Rn,,,,,Rd,,,,
960,MLS,,by_element,,0,Q,1,0,1,1,1,1,-,-,L,M,Rm,,,,0,1,0,0,H,0,Rn,,,,,Rd,,,,
961,UMLSL,,by_element,,0,Q,1,0,1,1,1,1,-,-,L,M,Rm,,,,0,1,1,0,H,0,Rn,,,,,Rd,,,,
962,UMLSL2,,by_element,,0,Q,1,0,1,1,1,1,-,-,L,M,Rm,,,,0,1,1,0,H,0,Rn,,,,,Rd,,,,
963,UMULL,,by_element,,0,Q,1,0,1,1,1,1,-,-,L,M,Rm,,,,1,0,1,0,H,0,Rn,,,,,Rd,,,,
964,UMULL2,,by_element,,0,Q,1,0,1,1,1,1,-,-,L,M,Rm,,,,1,0,1,0,H,0,Rn,,,,,Rd,,,,
965,FMULX,v,by_element_Vector,Vector,0,Q,1,0,1,1,1,1,1,-,L,M,Rm,,,,1,0,0,1,H,0,Rn,,,,,Rd,,,,
967,MOVI,v,32_bit_shifted_immediate,32_bit_shifted_immediate,0,-,0,0,1,1,1,1,0,0,0,0,0,a,b,c,0,-,-,0,0,1,d,e,f,g,h,Rd,,,,
968,ORR,v,vector_immediate_32_bit,32_bit,0,-,0,0,1,1,1,1,0,0,0,0,0,a,b,c,0,-,-,1,0,1,d,e,f,g,h,Rd,,,,
969,MOVI,v,16_bit_shifted_immediate,16_bit_shifted_immediate,0,-,0,0,1,1,1,1,0,0,0,0,0,a,b,c,1,0,-,0,0,1,d,e,f,g,h,Rd,,,,
970,ORR,v,vector_immediate_16_bit,16_bit,0,-,0,0,1,1,1,1,0,0,0,0,0,a,b,c,1,0,-,1,0,1,d,e,f,g,h,Rd,,,,
971,MOVI,v,32_bit_shifting_ones,32_bit_shifting_ones,0,-,0,0,1,1,1,1,0,0,0,0,0,a,b,c,1,1,0,-,0,1,d,e,f,g,h,Rd,,,,
972,MOVI,v,8_bit,8_bit,0,-,0,0,1,1,1,1,0,0,0,0,0,a,b,c,1,1,1,0,0,1,d,e,f,g,h,Rd,,,,
973,FMOV,v,vector_immediate_Single_precision,Single_precision,0,-,0,0,1,1,1,1,0,0,0,0,0,a,b,c,1,1,1,1,0,1,d,e,f,g,h,Rd,,,,
974,MVNI,v,32_bit_shifted_immediate,32_bit_shifted_immediate,0,-,1,0,1,1,1,1,0,0,0,0,0,a,b,c,0,-,-,0,0,1,d,e,f,g,h,Rd,,,,
975,BIC,v,vector_immediate_32_bit,32_bit,0,-,1,0,1,1,1,1,0,0,0,0,0,a,b,c,0,-,-,1,0,1,d,e,f,g,h,Rd,,,,
976,MVNI,v,16_bit_shifted_immediate,16_bit_shifted_immediate,0,-,1,0,1,1,1,1,0,0,0,0,0,a,b,c,1,0,-,0,0,1,d,e,f,g,h,Rd,,,,
977,BIC,v,vector_immediate_16_bit,16_bit,0,-,1,0,1,1,1,1,0,0,0,0,0,a,b,c,1,0,-,1,0,1,d,e,f,g,h,Rd,,,,
978,MVNI,v,32_bit_shifting_ones,32_bit_shifting_ones,0,-,1,0,1,1,1,1,0,0,0,0,0,a,b,c,1,1,0,-,0,1,d,e,f,g,h,Rd,,,,
979,MOVI,v,64_bit_scalar,64_bit_scalar,0,0,1,0,1,1,1,1,0,0,0,0,0,a,b,c,1,1,1,0,0,1,d,e,f,g,h,Rd,,,,
980,MOVI,v,64_bit_vector,64_bit_vector,0,1,1,0,1,1,1,1,0,0,0,0,0,a,b,c,1,1,1,0,0,1,d,e,f,g,h,Rd,,,,
981,FMOV,v,vector_immediate_Double_precision,Double_precision,0,1,1,0,1,1,1,1,0,0,0,0,0,a,b,c,1,1,1,1,0,1,d,e,f,g,h,Rd,,,,
983,SSHR,v,Vector,Vector,0,Q,0,0,1,1,1,1,0,immh,,,,immb,,,0,0,0,0,0,1,Rn,,,,,Rd,,,,
984,SSRA,v,Vector,Vector,0,Q,0,0,1,1,1,1,0,immh,,,,immb,,,0,0,0,1,0,1,Rn,,,,,Rd,,,,
985,SRSHR,v,Vector,Vector,0,Q,0,0,1,1,1,1,0,immh,,,,immb,,,0,0,1,0,0,1,Rn,,,,,Rd,,,,
986,SRSRA,v,Vector,Vector,0,Q,0,0,1,1,1,1,0,immh,,,,immb,,,0,0,1,1,0,1,Rn,,,,,Rd,,,,
987,SHL,v,Vector,Vector,0,Q,0,0,1,1,1,1,0,immh,,,,immb,,,0,1,0,1,0,1,Rn,,,,,Rd,,,,
988,SQSHL,v,immediate_Vector,Vector,0,Q,0,0,1,1,1,1,0,immh,,,,immb,,,0,1,1,1,0,1,Rn,,,,,Rd,,,,
989,SHRN,,,,0,Q,0,0,1,1,1,1,0,immh,,,,immb,,,1,0,0,0,0,1,Rn,,,,,Rd,,,,
990,SHRN2,,,,0,Q,0,0,1,1,1,1,0,immh,,,,immb,,,1,0,0,0,0,1,Rn,,,,,Rd,,,,
991,RSHRN,,,,0,Q,0,0,1,1,1,1,0,immh,,,,immb,,,1,0,0,0,1,1,Rn,,,,,Rd,,,,
992,RSHRN2,,,,0,Q,0,0,1,1,1,1,0,immh,,,,immb,,,1,0,0,0,1,1,Rn,,,,,Rd,,,,
993,SQSHRN,v,Vector,Vector,0,Q,0,0,1,1,1,1,0,immh,,,,immb,,,1,0,0,1,0,1,Rn,,,,,Rd,,,,
994,SQSHRN2,v,Vector,Vector,0,Q,0,0,1,1,1,1,0,immh,,,,immb,,,1,0,0,1,0,1,Rn,,,,,Rd,,,,
995,SQRSHRN,v,Vector,Vector,0,Q,0,0,1,1,1,1,0,immh,,,,immb,,,1,0,0,1,1,1,Rn,,,,,Rd,,,,
996,SQRSHRN2,v,Vector,Vector,0,Q,0,0,1,1,1,1,0,immh,,,,immb,,,1,0,0,1,1,1,Rn,,,,,Rd,,,,
997,SSHLL,,,,0,Q,0,0,1,1,1,1,0,immh,,,,immb,,,1,0,1,0,0,1,Rn,,,,,Rd,,,,
998,SSHLL2,,,,0,Q,0,0,1,1,1,1,0,immh,,,,immb,,,1,0,1,0,0,1,Rn,,,,,Rd,,,,
999,SCVTF,v,vector_fixed_point_Vector,Vector,0,Q,0,0,1,1,1,1,0,immh,,,,immb,,,1,1,1,0,0,1,Rn,,,,,Rd,,,,
1000,FCVTZS,v,vector_fixed_point_Vector,Vector,0,Q,0,0,1,1,1,1,0,immh,,,,immb,,,1,1,1,1,1,1,Rn,,,,,Rd,,,,
1001,USHR,v,Vector,Vector,0,Q,1,0,1,1,1,1,0,immh,,,,immb,,,0,0,0,0,0,1,Rn,,,,,Rd,,,,
1002,USRA,v,Vector,Vector,0,Q,1,0,1,1,1,1,0,immh,,,,immb,,,0,0,0,1,0,1,Rn,,,,,Rd,,,,
1003,URSHR,v,Vector,Vector,0,Q,1,0,1,1,1,1,0,immh,,,,immb,,,0,0,1,0,0,1,Rn,,,,,Rd,,,,
1004,URSRA,v,Vector,Vector,0,Q,1,0,1,1,1,1,0,immh,,,,immb,,,0,0,1,1,0,1,Rn,,,,,Rd,,,,
1005,SRI,v,Vector,Vector,0,Q,1,0,1,1,1,1,0,immh,,,,immb,,,0,1,0,0,0,1,Rn,,,,,Rd,,,,
1006,SLI,v,Vector,Vector,0,Q,1,0,1,1,1,1,0,immh,,,,immb,,,0,1,0,1,0,1,Rn,,,,,Rd,,,,
1007,SQSHLU,v,Vector,Vector,0,Q,1,0,1,1,1,1,0,immh,,,,immb,,,0,1,1,0,0,1,Rn,,,,,Rd,,,,
1008,UQSHL,v,immediate_Vector,Vector,0,Q,1,0,1,1,1,1,0,immh,,,,immb,,,0,1,1,1,0,1,Rn,,,,,Rd,,,,
1009,SQSHRUN,v,Vector,Vector,0,Q,1,0,1,1,1,1,0,immh,,,,immb,,,1,0,0,0,0,1,Rn,,,,,Rd,,,,
1010,SQSHRUN2,v,Vector,Vector,0,Q,1,0,1,1,1,1,0,immh,,,,immb,,,1,0,0,0,0,1,Rn,,,,,Rd,,,,
1011,SQRSHRUN,v,Vector,Vector,0,Q,1,0,1,1,1,1,0,immh,,,,immb,,,1,0,0,0,1,1,Rn,,,,,Rd,,,,
1012,SQRSHRUN2,v,Vector,Vector,0,Q,1,0,1,1,1,1,0,immh,,,,immb,,,1,0,0,0,1,1,Rn,,,,,Rd,,,,
1013,UQSHRN,v,Vector,Vector,0,Q,1,0,1,1,1,1,0,immh,,,,immb,,,1,0,0,1,0,1,Rn,,,,,Rd,,,,
1014,UQRSHRN,v,Vector,Vector,0,Q,1,0,1,1,1,1,0,immh,,,,immb,,,1,0,0,1,1,1,Rn,,,,,Rd,,,,
1015,UQRSHRN2,v,Vector,Vector,0,Q,1,0,1,1,1,1,0,immh,,,,immb,,,1,0,0,1,1,1,Rn,,,,,Rd,,,,
1016,USHLL,,,,0,Q,1,0,1,1,1,1,0,immh,,,,immb,,,1,0,1,0,0,1,Rn,,,,,Rd,,,,
1017,USHLL2,,,,0,Q,1,0,1,1,1,1,0,immh,,,,immb,,,1,0,1,0,0,1,Rn,,,,,Rd,,,,
1018,UCVTF,v,vector_fixed_point_Vector,Vector,0,Q,1,0,1,1,1,1,0,immh,,,,immb,,,1,1,1,0,0,1,Rn,,,,,Rd,,,,
1019,FCVTZU,v,vector_fixed_point_Vector,Vector,0,Q,1,0,1,1,1,1,0,immh,,,,immb,,,1,1,1,1,1,1,Rn,,,,,Rd,,,,
1021,TBL,v,Single_register_table,Single_register_table,0,Q,0,0,1,1,1,0,0,0,0,Rm,,,,,0,0,0,0,0,0,Rn,,,,,Rd,,,,
1022,TBX,v,Single_register_table,Single_register_table,0,Q,0,0,1,1,1,0,0,0,0,Rm,,,,,0,0,0,1,0,0,Rn,,,,,Rd,,,,
1023,TBL,v,Two_register_table,Two_register_table,0,Q,0,0,1,1,1,0,0,0,0,Rm,,,,,0,0,1,0,0,0,Rn,,,,,Rd,,,,
1024,TBX,v,Two_register_table,Two_register_table,0,Q,0,0,1,1,1,0,0,0,0,Rm,,,,,0,0,1,1,0,0,Rn,,,,,Rd,,,,
1025,TBL,v,Three_register_table,Three_register_table,0,Q,0,0,1,1,1,0,0,0,0,Rm,,,,,0,1,0,0,0,0,Rn,,,,,Rd,,,,
1026,TBX,v,Three_register_table,Three_register_table,0,Q,0,0,1,1,1,0,0,0,0,Rm,,,,,0,1,0,1,0,0,Rn,,,,,Rd,,,,
1027,TBL,v,Four_register_table,Four_register_table,0,Q,0,0,1,1,1,0,0,0,0,Rm,,,,,0,1,1,0,0,0,Rn,,,,,Rd,,,,
1028,TBX,v,Four_register_table,Four_register_table,0,Q,0,0,1,1,1,0,0,0,0,Rm,,,,,0,1,1,1,0,0,Rn,,,,,Rd,,,,
1030,UZP1,,,,0,Q,0,0,1,1,1,0,size,,0,Rm,,,,,0,0,0,1,1,0,Rn,,,,,Rd,,,,
1031,TRN1,,,,0,Q,0,0,1,1,1,0,size,,0,Rm,,,,,0,0,1,0,1,0,Rn,,,,,Rd,,,,
1032,ZIP1,,,,0,Q,0,0,1,1,1,0,size,,0,Rm,,,,,0,0,1,1,1,0,Rn,,,,,Rd,,,,
1033,UZP2,,,,0,Q,0,0,1,1,1,0,size,,0,Rm,,,,,0,1,0,1,1,0,Rn,,,,,Rd,,,,
1034,TRN2,,,,0,Q,0,0,1,1,1,0,size,,0,Rm,,,,,0,1,1,0,1,0,Rn,,,,,Rd,,,,
1035,ZIP2,,,,0,Q,0,0,1,1,1,0,size,,0,Rm,,,,,0,1,1,1,1,0,Rn,,,,,Rd,,,,
1037,EXT,,,,0,Q,1,0,1,1,1,0,0,0,0,Rm,,,,,0,imm4,,,,0,Rn,,,,,Rd,,,,
1040,ST4,v,multiple_structures_No_offset,No_offset,0,Q,0,0,1,1,0,0,0,0,0,0,0,0,0,0,0,0,0,0,size,,Rn,,,,,Rt,,,,
1041,ST1,v,multiple_structures_Four_registers,Four_registers,0,Q,0,0,1,1,0,0,0,0,0,0,0,0,0,0,0,0,1,0,size,,Rn,,,,,Rt,,,,
1042,ST3,v,multiple_structures_No_offset,No_offset,0,Q,0,0,1,1,0,0,0,0,0,0,0,0,0,0,0,1,0,0,size,,Rn,,,,,Rt,,,,
1043,ST1,v,multiple_structures_Three_registers,Three_registers,0,Q,0,0,1,1,0,0,0,0,0,0,0,0,0,0,0,1,1,0,size,,Rn,,,,,Rt,,,,
1044,ST1,v,multiple_structures_One_register,One_register,0,Q,0,0,1,1,0,0,0,0,0,0,0,0,0,0,0,1,1,1,size,,Rn,,,,,Rt,,,,
1045,ST2,v,multiple_structures_No_offset,No_offset,0,Q,0,0,1,1,0,0,0,0,0,0,0,0,0,0,1,0,0,0,size,,Rn,,,,,Rt,,,,
1046,ST1,v,multiple_structures_Two_registers,Two_registers,0,Q,0,0,1,1,0,0,0,0,0,0,0,0,0,0,1,0,1,0,size,,Rn,,,,,Rt,,,,
1047,LD4,v,multiple_structures_No_offset,No_offset,0,Q,0,0,1,1,0,0,0,1,0,0,0,0,0,0,0,0,0,0,size,,Rn,,,,,Rt,,,,
1048,LD1,v,multiple_structures_Four_registers,Four_registers,0,Q,0,0,1,1,0,0,0,1,0,0,0,0,0,0,0,0,1,0,size,,Rn,,,,,Rt,,,,
1049,LD3,v,multiple_structures_No_offset,No_offset,0,Q,0,0,1,1,0,0,0,1,0,0,0,0,0,0,0,1,0,0,size,,Rn,,,,,Rt,,,,
1050,LD1,v,multiple_structures_Three_registers,Three_registers,0,Q,0,0,1,1,0,0,0,1,0,0,0,0,0,0,0,1,1,0,size,,Rn,,,,,Rt,,,,
1051,LD1,v,multiple_structures_One_register,One_register,0,Q,0,0,1,1,0,0,0,1,0,0,0,0,0,0,0,1,1,1,size,,Rn,,,,,Rt,,,,
1052,LD2,v,multiple_structures_No_offset,No_offset,0,Q,0,0,1,1,0,0,0,1,0,0,0,0,0,0,1,0,0,0,size,,Rn,,,,,Rt,,,,
1053,LD1,v,multiple_structures_Two_registers,Two_registers,0,Q,0,0,1,1,0,0,0,1,0,0,0,0,0,0,1,0,1,0,size,,Rn,,,,,Rt,,,,
1055,ST4,v,multiple_structures_Register_offset,Register_offset,0,Q,0,0,1,1,0,0,1,0,0,Rm,,,,,0,0,0,0,size,,Rn,,,,,Rt,,,,
1056,ST1,v,multiple_structures_Four_registers_register_offset,Four_registers_register_offset,0,Q,0,0,1,1,0,0,1,0,0,Rm,,,,,0,0,1,0,size,,Rn,,,,,Rt,,,,
1057,ST3,v,multiple_structures_Register_offset,Register_offset,0,Q,0,0,1,1,0,0,1,0,0,Rm,,,,,0,1,0,0,size,,Rn,,,,,Rt,,,,
1058,ST1,v,multiple_structures_Three_registers_register_offset,Three_registers_register_offset,0,Q,0,0,1,1,0,0,1,0,0,Rm,,,,,0,1,1,0,size,,Rn,,,,,Rt,,,,
1059,ST1,v,multiple_structures_One_register_register_offset,One_register_register_offset,0,Q,0,0,1,1,0,0,1,0,0,Rm,,,,,0,1,1,1,size,,Rn,,,,,Rt,,,,
1060,ST2,v,multiple_structures_Register_offset,Register_offset,0,Q,0,0,1,1,0,0,1,0,0,Rm,,,,,1,0,0,0,size,,Rn,,,,,Rt,,,,
1061,ST1,v,multiple_structures_Two_registers_register_offset,Two_registers_register_offset,0,Q,0,0,1,1,0,0,1,0,0,Rm,,,,,1,0,1,0,size,,Rn,,,,,Rt,,,,
1062,ST4,v,multiple_structures_Immediate_offset,Immediate_offset,0,Q,0,0,1,1,0,0,1,0,0,1,1,1,1,1,0,0,0,0,size,,Rn,,,,,Rt,,,,
1063,ST1,v,multiple_structures_Four_registers_immediate_offset,Four_registers_immediate_offset,0,Q,0,0,1,1,0,0,1,0,0,1,1,1,1,1,0,0,1,0,size,,Rn,,,,,Rt,,,,
1064,ST3,v,multiple_structures_Immediate_offset,Immediate_offset,0,Q,0,0,1,1,0,0,1,0,0,1,1,1,1,1,0,1,0,0,size,,Rn,,,,,Rt,,,,
1065,ST1,v,multiple_structures_Three_registers_immediate_offset,Three_registers_immediate_offset,0,Q,0,0,1,1,0,0,1,0,0,1,1,1,1,1,0,1,1,0,size,,Rn,,,,,Rt,,,,
1066,ST1,v,multiple_structures_One_register_immediate_offset,One_register_immediate_offset,0,Q,0,0,1,1,0,0,1,0,0,1,1,1,1,1,0,1,1,1,size,,Rn,,,,,Rt,,,,
1067,ST2,v,multiple_structures_Immediate_offset,Immediate_offset,0,Q,0,0,1,1,0,0,1,0,0,1,1,1,1,1,1,0,0,0,size,,Rn,,,,,Rt,,,,
1068,ST1,v,multiple_structures_Two_registers_immediate_offset,Two_registers_immediate_offset,0,Q,0,0,1,1,0,0,1,0,0,1,1,1,1,1,1,0,1,0,size,,Rn,,,,,Rt,,,,
1069,LD4,v,multiple_structures_Register_offset,Register_offset,0,Q,0,0,1,1,0,0,1,1,0,Rm,,,,,0,0,0,0,size,,Rn,,,,,Rt,,,,
1070,LD1,v,multiple_structures_Four_registers_register_offset,Four_registers_register_offset,0,Q,0,0,1,1,0,0,1,1,0,Rm,,,,,0,0,1,0,size,,Rn,,,,,Rt,,,,
1071,LD3,v,multiple_structures_Register_offset,Register_offset,0,Q,0,0,1,1,0,0,1,1,0,Rm,,,,,0,1,0,0,size,,Rn,,,,,Rt,,,,
1072,LD1,v,multiple_structures_Three_registers_register_offset,Three_registers_register_offset,0,Q,0,0,1,1,0,0,1,1,0,Rm,,,,,0,1,1,0,size,,Rn,,,,,Rt,,,,
1073,LD1,v,multiple_structures_One_register_register_offset,One_register_register_offset,0,Q,0,0,1,1,0,0,1,1,0,Rm,,,,,0,1,1,1,size,,Rn,,,,,Rt,,,,
1074,LD2,v,multiple_structures_Register_offset,Register_offset,0,Q,0,0,1,1,0,0,1,1,0,Rm,,,,,1,0,0,0,size,,Rn,,,,,Rt,,,,
1075,LD1,v,multiple_structures_Two_registers_register_offset,Two_registers_register_offset,0,Q,0,0,1,1,0,0,1,1,0,Rm,,,,,1,0,1,0,size,,Rn,,,,,Rt,,,,
1076,LD4,v,multiple_structures_Immediate_offset,Immediate_offset,0,Q,0,0,1,1,0,0,1,1,0,1,1,1,1,1,0,0,0,0,size,,Rn,,,,,Rt,,,,
1077,LD1,v,multiple_structures_Four_registers_immediate_offset,Four_registers_immediate_offset,0,Q,0,0,1,1,0,0,1,1,0,1,1,1,1,1,0,0,1,0,size,,Rn,,,,,Rt,,,,
1078,LD3,v,multiple_structures_Immediate_offset,Immediate_offset,0,Q,0,0,1,1,0,0,1,1,0,1,1,1,1,1,0,1,0,0,size,,Rn,,,,,Rt,,,,
1079,LD1,v,multiple_structures_Three_registers_immediate_offset,Three_registers_immediate_offset,0,Q,0,0,1,1,0,0,1,1,0,1,1,1,1,1,0,1,1,0,size,,Rn,,,,,Rt,,,,
1080,LD1,v,multiple_structures_One_register_immediate_offset,One_register_immediate_offset,0,Q,0,0,1,1,0,0,1,1,0,1,1,1,1,1,0,1,1,1,size,,Rn,,,,,Rt,,,,
1081,LD2,v,multiple_structures_Immediate_offset,Immediate_offset,0,Q,0,0,1,1,0,0,1,1,0,1,1,1,1,1,1,0,0,0,size,,Rn,,,,,Rt,,,,
1082,LD1,v,multiple_structures_Two_registers_immediate_offset,Two_registers_immediate_offset,0,Q,0,0,1,1,0,0,1,1,0,1,1,1,1,1,1,0,1,0,size,,Rn,,,,,Rt,,,,
1084,ST1,v,single_structure_8_bit,8_bit,0,Q,0,0,1,1,0,1,0,0,0,0,0,0,0,0,0,0,0,-,-,-,Rn,,,,,Rt,,,,
1085,ST3,v,single_structure_8_bit,8_bit,0,Q,0,0,1,1,0,1,0,0,0,0,0,0,0,0,0,0,1,-,-,-,Rn,,,,,Rt,,,,
1086,ST1,v,single_structure_16_bit,16_bit,0,Q,0,0,1,1,0,1,0,0,0,0,0,0,0,0,0,1,0,-,-,0,Rn,,,,,Rt,,,,
1087,ST3,v,single_structure_16_bit,16_bit,0,Q,0,0,1,1,0,1,0,0,0,0,0,0,0,0,0,1,1,-,-,0,Rn,,,,,Rt,,,,
1088,ST1,v,single_structure_32_bit,32_bit,0,Q,0,0,1,1,0,1,0,0,0,0,0,0,0,0,1,0,0,-,0,0,Rn,,,,,Rt,,,,
1089,ST1,v,single_structure_64_bit,64_bit,0,Q,0,0,1,1,0,1,0,0,0,0,0,0,0,0,1,0,0,0,0,1,Rn,,,,,Rt,,,,
1090,ST3,v,single_structure_32_bit,32_bit,0,Q,0,0,1,1,0,1,0,0,0,0,0,0,0,0,1,0,1,-,0,0,Rn,,,,,Rt,,,,
1091,ST3,v,single_structure_64_bit,64_bit,0,Q,0,0,1,1,0,1,0,0,0,0,0,0,0,0,1,0,1,0,0,1,Rn,,,,,Rt,,,,
1092,ST2,v,single_structure_8_bit,8_bit,0,Q,0,0,1,1,0,1,0,0,1,0,0,0,0,0,0,0,0,-,-,-,Rn,,,,,Rt,,,,
1093,ST4,v,single_structure_8_bit,8_bit,0,Q,0,0,1,1,0,1,0,0,1,0,0,0,0,0,0,0,1,-,-,-,Rn,,,,,Rt,,,,
1094,ST2,v,single_structure_16_bit,16_bit,0,Q,0,0,1,1,0,1,0,0,1,0,0,0,0,0,0,1,0,-,-,0,Rn,,,,,Rt,,,,
1095,ST4,v,single_structure_16_bit,16_bit,0,Q,0,0,1,1,0,1,0,0,1,0,0,0,0,0,0,1,1,-,-,0,Rn,,,,,Rt,,,,
1096,ST2,v,single_structure_32_bit,32_bit,0,Q,0,0,1,1,0,1,0,0,1,0,0,0,0,0,1,0,0,-,0,0,Rn,,,,,Rt,,,,
1097,ST2,v,single_structure_64_bit,64_bit,0,Q,0,0,1,1,0,1,0,0,1,0,0,0,0,0,1,0,0,0,0,1,Rn,,,,,Rt,,,,
1098,ST4,v,single_structure_32_bit,32_bit,0,Q,0,0,1,1,0,1,0,0,1,0,0,0,0,0,1,0,1,-,0,0,Rn,,,,,Rt,,,,
1099,ST4,v,single_structure_64_bit,64_bit,0,Q,0,0,1,1,0,1,0,0,1,0,0,0,0,0,1,0,1,0,0,1,Rn,,,,,Rt,,,,
1100,LD1,v,single_structure_8_bit,8_bit,0,Q,0,0,1,1,0,1,0,1,0,0,0,0,0,0,0,0,0,-,-,-,Rn,,,,,Rt,,,,
1101,LD3,v,single_structure_8_bit,8_bit,0,Q,0,0,1,1,0,1,0,1,0,0,0,0,0,0,0,0,1,-,-,-,Rn,,,,,Rt,,,,
1102,LD1,v,single_structure_16_bit,16_bit,0,Q,0,0,1,1,0,1,0,1,0,0,0,0,0,0,0,1,0,-,-,0,Rn,,,,,Rt,,,,
1103,LD3,v,single_structure_16_bit,16_bit,0,Q,0,0,1,1,0,1,0,1,0,0,0,0,0,0,0,1,1,-,-,0,Rn,,,,,Rt,,,,
1104,LD1,v,single_structure_32_bit,32_bit,0,Q,0,0,1,1,0,1,0,1,0,0,0,0,0,0,1,0,0,-,0,0,Rn,,,,,Rt,,,,
1105,LD1,v,single_structure_64_bit,64_bit,0,Q,0,0,1,1,0,1,0,1,0,0,0,0,0,0,1,0,0,0,0,1,Rn,,,,,Rt,,,,
1106,LD3,v,single_structure_32_bit,32_bit,0,Q,0,0,1,1,0,1,0,1,0,0,0,0,0,0,1,0,1,-,0,0,Rn,,,,,Rt,,,,
1107,LD3,v,single_structure_64_bit,64_bit,0,Q,0,0,1,1,0,1,0,1,0,0,0,0,0,0,1,0,1,0,0,1,Rn,,,,,Rt,,,,
1108,LD1R,v,No_offset,No_offset,0,Q,0,0,1,1,0,1,0,1,0,0,0,0,0,0,1,1,0,0,-,-,Rn,,,,,Rt,,,,
1109,LD3R,v,No_offset,No_offset,0,Q,0,0,1,1,0,1,0,1,0,0,0,0,0,0,1,1,1,0,-,-,Rn,,,,,Rt,,,,
1110,LD2,v,single_structure_8_bit,8_bit,0,Q,0,0,1,1,0,1,0,1,1,0,0,0,0,0,0,0,0,-,-,-,Rn,,,,,Rt,,,,
1111,LD4,v,single_structure_8_bit,8_bit,0,Q,0,0,1,1,0,1,0,1,1,0,0,0,0,0,0,0,1,-,-,-,Rn,,,,,Rt,,,,
1112,LD2,v,single_structure_16_bit,16_bit,0,Q,0,0,1,1,0,1,0,1,1,0,0,0,0,0,0,1,0,-,-,0,Rn,,,,,Rt,,,,
1113,LD4,v,single_structure_16_bit,16_bit,0,Q,0,0,1,1,0,1,0,1,1,0,0,0,0,0,0,1,1,-,-,0,Rn,,,,,Rt,,,,
1114,LD2,v,single_structure_32_bit,32_bit,0,Q,0,0,1,1,0,1,0,1,1,0,0,0,0,0,1,0,0,-,0,0,Rn,,,,,Rt,,,,
1115,LD2,v,single_structure_64_bit,64_bit,0,Q,0,0,1,1,0,1,0,1,1,0,0,0,0,0,1,0,0,0,0,1,Rn,,,,,Rt,,,,
1116,LD4,v,single_structure_32_bit,32_bit,0,Q,0,0,1,1,0,1,0,1,1,0,0,0,0,0,1,0,1,-,0,0,Rn,,,,,Rt,,,,
1117,LD4,v,single_structure_64_bit,64_bit,0,Q,0,0,1,1,0,1,0,1,1,0,0,0,0,0,1,0,1,0,0,1,Rn,,,,,Rt,,,,
1118,LD2R,v,No_offset,No_offset,0,Q,0,0,1,1,0,1,0,1,1,0,0,0,0,0,1,1,0,0,-,-,Rn,,,,,Rt,,,,
1119,LD4R,v,No_offset,No_offset,0,Q,0,0,1,1,0,1,0,1,1,0,0,0,0,0,1,1,1,0,-,-,Rn,,,,,Rt,,,,
1121,ST1,v,single_structure_8_bit_register_offset,8_bit_register_offset,0,Q,0,0,1,1,0,1,1,0,0,Rm,,,,,0,0,0,-,-,-,Rn,,,,,Rt,,,,
1122,ST3,v,single_structure_8_bit_register_offset,8_bit_register_offset,0,Q,0,0,1,1,0,1,1,0,0,Rm,,,,,0,0,1,-,-,-,Rn,,,,,Rt,,,,
1123,ST1,v,single_structure_16_bit_register_offset,16_bit_register_offset,0,Q,0,0,1,1,0,1,1,0,0,Rm,,,,,0,1,0,-,-,0,Rn,,,,,Rt,,,,
1124,ST3,v,single_structure_16_bit_register_offset,16_bit_register_offset,0,Q,0,0,1,1,0,1,1,0,0,Rm,,,,,0,1,1,-,-,0,Rn,,,,,Rt,,,,
1125,ST1,v,single_structure_32_bit_register_offset,32_bit_register_offset,0,Q,0,0,1,1,0,1,1,0,0,Rm,,,,,1,0,0,-,0,0,Rn,,,,,Rt,,,,
1126,ST1,v,single_structure_64_bit_register_offset,64_bit_register_offset,0,Q,0,0,1,1,0,1,1,0,0,Rm,,,,,1,0,0,0,0,1,Rn,,,,,Rt,,,,
1127,ST3,v,single_structure_32_bit_register_offset,32_bit_register_offset,0,Q,0,0,1,1,0,1,1,0,0,Rm,,,,,1,0,1,-,0,0,Rn,,,,,Rt,,,,
1128,ST3,v,single_structure_64_bit_register_offset,64_bit_register_offset,0,Q,0,0,1,1,0,1,1,0,0,Rm,,,,,1,0,1,0,0,1,Rn,,,,,Rt,,,,
1129,ST1,v,single_structure_8_bit_immediate_offset,8_bit_immediate_offset,0,Q,0,0,1,1,0,1,1,0,0,1,1,1,1,1,0,0,0,-,-,-,Rn,,,,,Rt,,,,
1130,ST3,v,single_structure_8_bit_immediate_offset,8_bit_immediate_offset,0,Q,0,0,1,1,0,1,1,0,0,1,1,1,1,1,0,0,1,-,-,-,Rn,,,,,Rt,,,,
1131,ST1,v,single_structure_16_bit_immediate_offset,16_bit_immediate_offset,0,Q,0,0,1,1,0,1,1,0,0,1,1,1,1,1,0,1,0,-,-,0,Rn,,,,,Rt,,,,
1132,ST3,v,single_structure_16_bit_immediate_offset,16_bit_immediate_offset,0,Q,0,0,1,1,0,1,1,0,0,1,1,1,1,1,0,1,1,-,-,0,Rn,,,,,Rt,,,,
1133,ST1,v,single_structure_32_bit_immediate_offset,32_bit_immediate_offset,0,Q,0,0,1,1,0,1,1,0,0,1,1,1,1,1,1,0,0,-,0,0,Rn,,,,,Rt,,,,
1134,ST1,v,single_structure_64_bit_immediate_offset,64_bit_immediate_offset,0,Q,0,0,1,1,0,1,1,0,0,1,1,1,1,1,1,0,0,0,0,1,Rn,,,,,Rt,,,,
1135,ST3,v,single_structure_32_bit_immediate_offset,32_bit_immediate_offset,0,Q,0,0,1,1,0,1,1,0,0,1,1,1,1,1,1,0,1,-,0,0,Rn,,,,,Rt,,,,
1136,ST3,v,single_structure_64_bit_immediate_offset,64_bit_immediate_offset,0,Q,0,0,1,1,0,1,1,0,0,1,1,1,1,1,1,0,1,0,0,1,Rn,,,,,Rt,,,,
1137,ST2,v,single_structure_8_bit_register_offset,8_bit_register_offset,0,Q,0,0,1,1,0,1,1,0,1,Rm,,,,,0,0,0,-,-,-,Rn,,,,,Rt,,,,
1138,ST4,v,single_structure_8_bit_register_offset,8_bit_register_offset,0,Q,0,0,1,1,0,1,1,0,1,Rm,,,,,0,0,1,-,-,-,Rn,,,,,Rt,,,,
1139,ST2,v,single_structure_16_bit_register_offset,16_bit_register_offset,0,Q,0,0,1,1,0,1,1,0,1,Rm,,,,,0,1,0,-,-,0,Rn,,,,,Rt,,,,
1140,ST4,v,single_structure_16_bit_register_offset,16_bit_register_offset,0,Q,0,0,1,1,0,1,1,0,1,Rm,,,,,0,1,1,-,-,0,Rn,,,,,Rt,,,,
1141,ST2,v,single_structure_32_bit_register_offset,32_bit_register_offset,0,Q,0,0,1,1,0,1,1,0,1,Rm,,,,,1,0,0,-,0,0,Rn,,,,,Rt,,,,
1142,ST2,v,single_structure_64_bit_register_offset,64_bit_register_offset,0,Q,0,0,1,1,0,1,1,0,1,Rm,,,,,1,0,0,0,0,1,Rn,,,,,Rt,,,,
1143,ST4,v,single_structure_32_bit_register_offset,32_bit_register_offset,0,Q,0,0,1,1,0,1,1,0,1,Rm,,,,,1,0,1,-,0,0,Rn,,,,,Rt,,,,
1144,ST4,v,single_structure_64_bit_register_offset,64_bit_register_offset,0,Q,0,0,1,1,0,1,1,0,1,Rm,,,,,1,0,1,0,0,1,Rn,,,,,Rt,,,,
1145,ST2,v,single_structure_8_bit_immediate_offset,8_bit_immediate_offset,0,Q,0,0,1,1,0,1,1,0,1,1,1,1,1,1,0,0,0,-,-,-,Rn,,,,,Rt,,,,
1146,ST4,v,single_structure_8_bit_immediate_offset,8_bit_immediate_offset,0,Q,0,0,1,1,0,1,1,0,1,1,1,1,1,1,0,0,1,-,-,-,Rn,,,,,Rt,,,,
1147,ST2,v,single_structure_16_bit_immediate_offset,16_bit_immediate_offset,0,Q,0,0,1,1,0,1,1,0,1,1,1,1,1,1,0,1,0,-,-,0,Rn,,,,,Rt,,,,
1148,ST4,v,single_structure_16_bit_immediate_offset,16_bit_immediate_offset,0,Q,0,0,1,1,0,1,1,0,1,1,1,1,1,1,0,1,1,-,-,0,Rn,,,,,Rt,,,,
1149,ST2,v,single_structure_32_bit_immediate_offset,32_bit_immediate_offset,0,Q,0,0,1,1,0,1,1,0,1,1,1,1,1,1,1,0,0,-,0,0,Rn,,,,,Rt,,,,
1150,ST2,v,single_structure_64_bit_immediate_offset,64_bit_immediate_offset,0,Q,0,0,1,1,0,1,1,0,1,1,1,1,1,1,1,0,0,0,0,1,Rn,,,,,Rt,,,,
1151,ST4,v,single_structure_32_bit_immediate_offset,32_bit_immediate_offset,0,Q,0,0,1,1,0,1,1,0,1,1,1,1,1,1,1,0,1,-,0,0,Rn,,,,,Rt,,,,
1152,ST4,v,single_structure_64_bit_immediate_offset,64_bit_immediate_offset,0,Q,0,0,1,1,0,1,1,0,1,1,1,1,1,1,1,0,1,0,0,1,Rn,,,,,Rt,,,,
1153,LD1,v,single_structure_8_bit_register_offset,8_bit_register_offset,0,Q,0,0,1,1,0,1,1,1,0,Rm,,,,,0,0,0,-,-,-,Rn,,,,,Rt,,,,
1154,LD3,v,single_structure_8_bit_register_offset,8_bit_register_offset,0,Q,0,0,1,1,0,1,1,1,0,Rm,,,,,0,0,1,-,-,-,Rn,,,,,Rt,,,,
1155,LD1,v,single_structure_16_bit_register_offset,16_bit_register_offset,0,Q,0,0,1,1,0,1,1,1,0,Rm,,,,,0,1,0,-,-,0,Rn,,,,,Rt,,,,
1156,LD3,v,single_structure_16_bit_register_offset,16_bit_register_offset,0,Q,0,0,1,1,0,1,1,1,0,Rm,,,,,0,1,1,-,-,0,Rn,,,,,Rt,,,,
1157,LD1,v,single_structure_32_bit_register_offset,32_bit_register_offset,0,Q,0,0,1,1,0,1,1,1,0,Rm,,,,,1,0,0,-,0,0,Rn,,,,,Rt,,,,
1158,LD1,v,single_structure_64_bit_register_offset,64_bit_register_offset,0,Q,0,0,1,1,0,1,1,1,0,Rm,,,,,1,0,0,0,0,1,Rn,,,,,Rt,,,,
1159,LD3,v,single_structure_32_bit_register_offset,32_bit_register_offset,0,Q,0,0,1,1,0,1,1,1,0,Rm,,,,,1,0,1,-,0,0,Rn,,,,,Rt,,,,
1160,LD3,v,single_structure_64_bit_register_offset,64_bit_register_offset,0,Q,0,0,1,1,0,1,1,1,0,Rm,,,,,1,0,1,0,0,1,Rn,,,,,Rt,,,,
1161,LD1R,v,Register_offset,Register_offset,0,Q,0,0,1,1,0,1,1,1,0,Rm,,,,,1,1,0,0,-,-,Rn,,,,,Rt,,,,
1162,LD3R,v,Register_offset,Register_offset,0,Q,0,0,1,1,0,1,1,1,0,Rm,,,,,1,1,1,0,-,-,Rn,,,,,Rt,,,,
1163,LD1,v,single_structure_8_bit_immediate_offset,8_bit_immediate_offset,0,Q,0,0,1,1,0,1,1,1,0,1,1,1,1,1,0,0,0,-,-,-,Rn,,,,,Rt,,,,
1164,LD3,v,single_structure_8_bit_immediate_offset,8_bit_immediate_offset,0,Q,0,0,1,1,0,1,1,1,0,1,1,1,1,1,0,0,1,-,-,-,Rn,,,,,Rt,,,,
1165,LD1,v,single_structure_16_bit_immediate_offset,16_bit_immediate_offset,0,Q,0,0,1,1,0,1,1,1,0,1,1,1,1,1,0,1,0,-,-,0,Rn,,,,,Rt,,,,
1166,LD3,v,single_structure_16_bit_immediate_offset,16_bit_immediate_offset,0,Q,0,0,1,1,0,1,1,1,0,1,1,1,1,1,0,1,1,-,-,0,Rn,,,,,Rt,,,,
1167,LD1,v,single_structure_32_bit_immediate_offset,32_bit_immediate_offset,0,Q,0,0,1,1,0,1,1,1,0,1,1,1,1,1,1,0,0,-,0,0,Rn,,,,,Rt,,,,
1168,LD1,v,single_structure_64_bit_immediate_offset,64_bit_immediate_offset,0,Q,0,0,1,1,0,1,1,1,0,1,1,1,1,1,1,0,0,0,0,1,Rn,,,,,Rt,,,,
1169,LD3,v,single_structure_32_bit_immediate_offset,32_bit_immediate_offset,0,Q,0,0,1,1,0,1,1,1,0,1,1,1,1,1,1,0,1,-,0,0,Rn,,,,,Rt,,,,
1170,LD3,v,single_structure_64_bit_immediate_offset,64_bit_immediate_offset,0,Q,0,0,1,1,0,1,1,1,0,1,1,1,1,1,1,0,1,0,0,1,Rn,,,,,Rt,,,,
1171,LD1R,v,Immediate_offset,Immediate_offset,0,Q,0,0,1,1,0,1,1,1,0,1,1,1,1,1,1,1,0,0,-,-,Rn,,,,,Rt,,,,
1172,LD3R,v,Immediate_offset,Immediate_offset,0,Q,0,0,1,1,0,1,1,1,0,1,1,1,1,1,1,1,1,0,-,-,Rn,,,,,Rt,,,,
1173,LD2,v,single_structure_8_bit_register_offset,8_bit_register_offset,0,Q,0,0,1,1,0,1,1,1,1,Rm,,,,,0,0,0,-,-,-,Rn,,,,,Rt,,,,
1174,LD4,v,single_structure_8_bit_register_offset,8_bit_register_offset,0,Q,0,0,1,1,0,1,1,1,1,Rm,,,,,0,0,1,-,-,-,Rn,,,,,Rt,,,,
1175,LD2,v,single_structure_16_bit_register_offset,16_bit_register_offset,0,Q,0,0,1,1,0,1,1,1,1,Rm,,,,,0,1,0,-,-,0,Rn,,,,,Rt,,,,
1176,LD4,v,single_structure_16_bit_register_offset,16_bit_register_offset,0,Q,0,0,1,1,0,1,1,1,1,Rm,,,,,0,1,1,-,-,0,Rn,,,,,Rt,,,,
1177,LD2,v,single_structure_32_bit_register_offset,32_bit_register_offset,0,Q,0,0,1,1,0,1,1,1,1,Rm,,,,,1,0,0,-,0,0,Rn,,,,,Rt,,,,
1178,LD2,v,single_structure_64_bit_register_offset,64_bit_register_offset,0,Q,0,0,1,1,0,1,1,1,1,Rm,,,,,1,0,0,0,0,1,Rn,,,,,Rt,,,,
1179,LD4,v,single_structure_32_bit_register_offset,32_bit_register_offset,0,Q,0,0,1,1,0,1,1,1,1,Rm,,,,,1,0,1,-,0,0,Rn,,,,,Rt,,,,
1180,LD4,v,single_structure_64_bit_register_offset,64_bit_register_offset,0,Q,0,0,1,1,0,1,1,1,1,Rm,,,,,1,0,1,0,0,1,Rn,,,,,Rt,,,,
1181,LD2R,v,Register_offset,Register_offset,0,Q,0,0,1,1,0,1,1,1,1,Rm,,,,,1,1,0,0,-,-,Rn,,,,,Rt,,,,
1182,LD4R,v,Register_offset,Register_offset,0,Q,0,0,1,1,0,1,1,1,1,Rm,,,,,1,1,1,0,-,-,Rn,,,,,Rt,,,,
1183,LD2,v,single_structure_8_bit_immediate_offset,8_bit_immediate_offset,0,Q,0,0,1,1,0,1,1,1,1,1,1,1,1,1,0,0,0,-,-,-,Rn,,,,,Rt,,,,
1184,LD4,v,single_structure_8_bit_immediate_offset,8_bit_immediate_offset,0,Q,0,0,1,1,0,1,1,1,1,1,1,1,1,1,0,0,1,-,-,-,Rn,,,,,Rt,,,,
1185,LD2,v,single_structure_16_bit_immediate_offset,16_bit_immediate_offset,0,Q,0,0,1,1,0,1,1,1,1,1,1,1,1,1,0,1,0,-,-,0,Rn,,,,,Rt,,,,
1186,LD4,v,single_structure_16_bit_immediate_offset,16_bit_immediate_offset,0,Q,0,0,1,1,0,1,1,1,1,1,1,1,1,1,0,1,1,-,-,0,Rn,,,,,Rt,,,,
1187,LD2,v,single_structure_32_bit_immediate_offset,32_bit_immediate_offset,0,Q,0,0,1,1,0,1,1,1,1,1,1,1,1,1,1,0,0,-,0,0,Rn,,,,,Rt,,,,
1188,LD2,v,single_structure_64_bit_immediate_offset,64_bit_immediate_offset,0,Q,0,0,1,1,0,1,1,1,1,1,1,1,1,1,1,0,0,0,0,1,Rn,,,,,Rt,,,,
1189,LD4,v,single_structure_32_bit_immediate_offset,32_bit_immediate_offset,0,Q,0,0,1,1,0,1,1,1,1,1,1,1,1,1,1,0,1,-,0,0,Rn,,,,,Rt,,,,
1190,LD4,v,single_structure_64_bit_immediate_offset,64_bit_immediate_offset,0,Q,0,0,1,1,0,1,1,1,1,1,1,1,1,1,1,0,1,0,0,1,Rn,,,,,Rt,,,,
1191,LD2R,v,Immediate_offset,Immediate_offset,0,Q,0,0,1,1,0,1,1,1,1,1,1,1,1,1,1,1,0,0,-,-,Rn,,,,,Rt,,,,
1192,LD4R,v,Immediate_offset,Immediate_offset,0,Q,0,0,1,1,0,1,1,1,1,1,1,1,1,1,1,1,1,0,-,-,Rn,,,,,Rt,,,,
1420,PAUSE,,,,1,1,0,1,0,1,0,1,0,0,0,0,0,0,1,1,0,0,1,0,CR_m,,,,,,1,1,1,1,1,1
